pos	aa	estimate_Gs	std.error_Gs	estimate_Gq	std.error_Gq	p.adj_Gs	p.adj_Gq	p.adj_bias
107	S	0.05019250362339095	0.08574043645471205	-0.88089926885091685	0.1142765819547649	0.7511234486476781	9.453056881588652e-13	6.156698140191708e-8
164	L	0.1425916871613652	0.08740016022323062	-0.6566811708207516	0.10052787400627472	0.2548984620027196	2.197822530893704e-9	7.207639278802573e-7
106	C	0.32213328450615614	0.1453860688132102	-1.0889564793757662	0.19319683170717408	0.09137741289827951	3.4183579143952976e-7	1.6771635284492689e-6
133	C	0.6276646790972124	0.20178417399747567	-1.2112205559310771	0.25254142533232726	0.010111705261595055	2.0223033301768006e-5	3.2442427181997375e-6
231	W	0.7262266170621944	0.24552341346721304	-1.921070800746885	0.4008177004182844	0.015565180471887173	2.049254488043327e-5	4.217819388752098e-6
161	V	0.3868817590102252	0.13985620006155283	-0.7220114275363394	0.15144009878387846	0.02580560026381112	2.2938511714377533e-5	1.365518154032395e-5
216	H	0.01295012654698322	0.1846088950287289	-1.7239701798130442	0.27906284475777665	0.975125965701564	1.7799720723453528e-8	3.0152974387180315e-5
162	N	0.08642311579355375	0.14297688535335454	-1.0458954305836528	0.1662612179643519	0.7416196046779062	9.285810190370521e-9	3.416490298069341e-5
208	S	0.19906605967190655	0.1483482697881856	-1.1745104253380687	0.2226018417513377	0.3747985806247709	2.1099630898724507e-6	3.823895693594881e-5
283	T	0.10881483981455324	0.08537688412008154	-1.4921747870373152	0.3033231996294988	0.4065495346091627	1.1556844810597806e-5	4.822350492638073e-5
132	G	0.3199445398947105	0.15688135060320538	-0.9105568207735342	0.1855989797938304	0.1288667786039945	1.2287922693848756e-5	5.196998405700329e-5
124	T	0.3266764985072158	0.14969723061052934	-0.9402161937345738	0.203308802420742	0.09779677449524886	4.281861893947415e-5	6.156491964610475e-5
205	I	-0.1622508956189022	0.15694485346935055	-1.6955084888720489	0.2645345908954931	0.5231620486131109	4.612841348894667e-9	6.863223176645228e-5
135	S	0.14756500067470077	0.13412832217415913	-0.8748065653994157	0.15727379876572511	0.4901681463748298	5.024696436623611e-7	8.060000140601424e-5
190	G	0.29255982518663215	0.16575651862802634	-1.2908452398568668	0.27584239663038257	0.2073872596989177	3.371521373937101e-5	8.958085557101911e-5
262	A	0.24503868194861717	0.11804713060700588	-0.7769058740221785	0.17309952338037396	0.12036724817652406	7.679834583530478e-5	1.0565912451990656e-4
243	S	0.03570688205932974	0.10048308516752544	-0.8983995285665382	0.16390544323746797	0.8588005435494688	7.565715648758887e-7	1.1338596005165273e-4
108	F	0.1978052161766324	0.120508299171019	-0.6481132751300654	0.12799104100157171	0.2512446319602368	5.8796616779143285e-6	1.3337117886107671e-4
156	P	0.08698495495333906	0.16004972675165702	-1.1003056536562936	0.1877387205538204	0.771738483743626	1.0350238053321563e-7	1.3337117886107671e-4
127	G	0.13347596805690426	0.15886793263434573	-1.1265736026306032	0.21131912865123031	0.6220399469265833	1.610010073414173e-6	1.5796282964794238e-4
48	S	0.05083864107988117	0.06690143130941399	-0.5631316690339035	0.11046927121744614	0.6627888732375692	5.009085843627342e-6	1.633137574172198e-4
137	S	0.20108526578633484	0.12197515917108567	-0.7215691531057622	0.15199330777151515	0.24835934900474455	2.5073978528420658e-5	1.7590732554425827e-4
49	R	0.08395874091204755	0.05899897847551459	-0.5074805179381942	0.11039900816204393	0.33888367852211915	4.824817437003616e-5	1.8227720513846592e-4
150	Y	0.3327835812346808	0.24157324150748147	-1.6453970992771372	0.34339455074652925	0.3587046491231771	2.0610718044662324e-5	1.8989106597356133e-4
130	S	-0.01546357606159433	0.13972570836116746	-1.060961096589295	0.17289465473053303	0.9597283149562528	2.2516555822727737e-8	1.9626906231482686e-4
148	G	0.2983291446315246	0.1479244960376168	-0.8313704111062143	0.18979211559973344	0.1343682376802585	1.201972261381909e-4	2.028357843779987e-4
117	R	0.3716300135252023	0.1316614719408794	-0.5801473488594742	0.15496708865508244	0.022336642750507445	0.0013304852714748519	2.13633213215957e-4
168	A	0.0903844116316092	0.1298599247832532	-1.0863206729994743	0.21527082461728983	0.6957243177762953	6.38430922544423e-6	2.13633213215957e-4
286	G	-0.11929137055227448	0.08520213776906979	-1.5559484739329446	0.2959768180021608	0.34872135459922976	2.3168629433320726e-6	2.2617821349958422e-4
138	L	0.3205569077544168	0.1295996929699739	-0.6093011112386889	0.15164414215449767	0.05246460934845701	4.94353041769689e-4	2.278230879359935e-4
135	V	0.4946341350892808	0.19228349768487069	-0.8520547547100501	0.22327578525766809	0.041682428553602886	0.001032334726063523	3.158238618823839e-4
121	T	0.3310902360014519	0.13542548746286606	-0.7718174848307044	0.2002953601322339	0.056005993926367	9.021376473264708e-4	3.255817420632518e-4
272	D	0.18295506839069609	0.1357550629664587	-0.9876366321198252	0.22045865199465384	0.3722011632171549	7.945654719194328e-5	3.764253222391182e-4
162	S	0.06063031144890221	0.09544754368620607	-0.5780882398965155	0.10501644438220926	0.7259417851871391	6.701600802358928e-7	4.0498001303231675e-4
257	D	0.05871725385345205	0.15362753938088972	-1.298025744855925	0.2625082416181339	0.8469408011975985	1.0272115862350597e-5	4.678013887436351e-4
236	Q	0.19595074729817508	0.1724338971735817	-1.2938211379098776	0.2877455733737755	0.4725150131100597	7.421171656430949e-5	5.020442045502063e-4
305	S	0.08000967194609823	0.0717000926050265	-0.8832208010794164	0.20477839631537836	0.4824382046363124	1.576381858878348e-4	5.037889432921147e-4
201	I	0.4451418445242585	0.1937509818302657	-0.9969929554292096	0.2618364237822705	0.07725583032109191	0.001063143651833739	5.222131212549848e-4
246	V	0.27752782373728546	0.12493962896729678	-0.7804587780446759	0.2046588110627296	0.09036682669734322	0.0010420217344269654	5.502871731580413e-4
93	T	0.4846175821395139	0.16222462550575362	-0.7550700273704887	0.2320603308380265	0.014350797826898815	0.006601962723086647	6.265822488828013e-4
168	K	0.3608452909825474	0.12858503963004236	-0.6369627034592763	0.18860610562929725	0.02330152566735405	0.004503874543875716	6.402948415231112e-4
292	N	0.04528255116714362	0.12577996572044217	-1.6601687890470942	0.36981838562094665	0.857061336178072	7.651214505444994e-5	6.528951654748427e-4
262	L	0.01378230941348828	0.10421738019760356	-0.873985629331386	0.17482889435000085	0.9514744029866394	7.978746737639302e-6	6.634329930961556e-4
178	G	0.4331591912458953	0.189106831905866	-1.1472008453836808	0.31115256643467637	0.07832339996656784	0.0016217185263124373	7.126303624431525e-4
92	S	0.07084121545706541	0.1251189093621642	-0.8598675926015683	0.17444297769672548	0.7607403251195893	1.103267147312391e-5	7.270333665544715e-4
291	T	0.13607118249154038	0.09085520719600916	-1.068582518985557	0.26321425108713464	0.30746834815186835	4.222888374062649e-4	7.492413862694326e-4
146	T	0.09410788269315391	0.15244883673996376	-0.9888459320851845	0.20086997840996057	0.7352260853057522	1.1373006622348604e-5	8.251455145809695e-4
137	T	0.20670635885820937	0.15619269658193613	-0.8649996601177162	0.19492573079217676	0.3834328484190358	9.500108238242069e-5	8.368402746301351e-4
304	T	-0.08410916832387899	0.08306608944607027	-1.171850582838325	0.23964785364383925	0.5341778152418198	1.3229702363823104e-5	0.00084243418645281985
220	C	0.42191355118921137	0.14806729842995275	-0.7522666266171828	0.2303430549679671	0.020809567819549867	0.006365075417463864	8.43779913285145e-4
140	G	0.0816304107657462	0.16973137540934927	-1.0345729227134377	0.19921623321627252	0.8014860872208288	3.1699173328415926e-6	9.183838778647357e-4
250	E	0.11913258541690652	0.16420639524311237	-1.2833606997595486	0.2854721574267719	0.6809300899003423	7.449478324717835e-5	9.353147594170479e-4
106	A	0.2205786948202204	0.1087469159346811	-0.5290394296160468	0.13886084838079782	0.13152414323392472	0.0010551075056098806	9.630794071540303e-4
156	G	0.4297294909534814	0.15454507203482	-0.5769592488236601	0.18042462374089904	0.024878580483561154	0.007829174589422547	9.96539918272971e-4
148	V	0.05891264790706189	0.15084731412127994	-0.945054224317692	0.1826555746599685	0.8438000362401761	3.4756632024487442e-6	9.96539918272971e-4
262	S	-0.10620136008806236	0.10743159683589626	-0.989348373514213	0.1803875127770387	0.5464091534290414	7.435969875620164e-7	0.0011064921526854241
160	Q	0.4697098317706955	0.2255230864494199	-1.0766339967800012	0.29179609358904957	0.11883811127722997	0.0016056484653415078	0.0011586995495977519
248	G	0.27634458559249514	0.1113530479929975	-0.6166283011560592	0.18183755034232213	0.05147076831410475	0.004310820200605215	0.001176332914939473
164	P	0.06798500300072212	0.10458839642592048	-0.5654607425034527	0.10980250257206078	0.718772065147046	3.904437077651237e-6	0.001213475949419363
183	W	0.28100575180663734	0.1748198967316815	-1.1364807619105193	0.2915162311430992	0.2640696037518125	7.660712117928253e-4	0.0012359461038535095
302	F	0.3410891718661747	0.12502883400994147	-1.1352984982422896	0.3316832183297291	0.028420968696932267	0.0039022948385904585	0.001255399664249477
304	V	0.20995938085113489	0.08252077377747685	-0.9357057280669744	0.26306630817759574	0.04455123802700769	0.0025183939698494194	0.0013022399571989743
317	R	-0.02376916317060139	0.07002680766498542	-0.9931213876195508	0.22275455019787124	0.8660572581169815	8.70605451162683e-5	0.0013217668215881036
107	Q	0.4358456482370903	0.16835147589438046	-0.6486873879892555	0.20078063407667665	0.04004728848481712	0.007079378324537231	0.0013747572249511596
38	L	0.1390669609503512	0.06536640946615903	-0.4164389294351444	0.1173230827097462	0.10916806348218833	0.0025792017999386927	0.0013882707326857279
107	G	-0.07217386845535226	0.09677744261114885	-0.7452335186031193	0.13138173549523202	0.6701759409579044	2.8323387106155694e-7	0.001439948494741769
117	P	0.3146115351797946	0.1535198711251443	-0.6904497445139983	0.1895255608939453	0.12641761427469103	0.0018843330454803785	0.0014599387340166132
121	P	0.06908168793873336	0.14925046834704905	-0.960843002945722	0.20069155811409	0.8102841191178192	2.0959405255179353e-5	0.001472851882072153
274	I	0.19415861702376264	0.11391765360723088	-0.6425398281864918	0.16847806682789132	0.228011552522156	0.0010409871448184389	0.001487041233065208
145	S	-0.06105336111708442	0.1417196185650648	-0.9399536996116896	0.16034723420161234	0.8254371646323542	1.0288509707010236e-7	0.0015191004104502337
148	A	0.15540737262875942	0.13686591355720176	-0.7788679829967884	0.18176217286608487	0.47292704697101123	1.7603111915451223e-4	0.0015222543540865797
224	G	0.2356001602636096	0.11677885141737993	-0.6761076185589799	0.19009406819985367	0.13417756235430742	0.002520133293497235	0.001614832463341653
270	R	0.08076662861723335	0.08511528567209341	-0.5441190402659211	0.12713778473827111	0.5663163808030357	1.798376297880888e-4	0.001625597062750047
226	S	0.14365349713481007	0.12164542088282512	-0.7346630480087566	0.1801768160421117	0.4509680475178205	3.951875990950509e-4	0.0018732099353863413
218	G	0.23663892073605672	0.16455706835675932	-1.0233195271688726	0.2653428047330977	0.3326248988041257	8.916131702734674e-4	0.001898751629057511
155	T	0.0707765574858002	0.15051046179215927	-0.8929017593536315	0.18554005198601092	0.806526460464979	1.8801029924858732e-5	0.0019044821528216595
169	H	0.1607825646717876	0.16518151813293547	-1.0228797359239388	0.2427341823864825	0.5541998310806606	2.3273191108402272e-4	0.0019192901048318226
160	E	0.19684031239258457	0.21891476218269235	-1.1595423265175444	0.259147922959503	0.5912525239627664	8.133376887250968e-5	0.002136964912961762
252	L	0.01037226121303531	0.10630075250434656	-0.7637963109262683	0.16186308575327366	0.9647788418686668	2.8455024947970184e-5	0.0021398160216364805
244	S	0.2413653098170093	0.10141844508618464	-0.5000613765922366	0.15580142536938432	0.06465151532133923	0.007548706215581472	0.002210675783695733
54	A	0.15480045362102243	0.07723278871976434	-0.4007001775665706	0.11674033400152233	0.1374151547476132	0.0037854241674052606	0.002362770328119886
198	L	0.3409071215283142	0.159736832479725	-0.7922480792584821	0.23718835340867944	0.10774297764648023	0.00506100788469165	0.0024121622395271024
50	G	-0.05044375070272829	0.08547688165838133	-0.7140586604675533	0.14406724225783946	0.7488405148284621	9.735203273017787e-6	0.0024183450341720716
239	Q	0.08324709363889225	0.17833563090708351	-1.2093157039416074	0.2734251366956937	0.8083397441576315	1.0093562902973205e-4	0.0024317480965871186
253	I	0.10624551054619734	0.13824453904150438	-0.904018475091293	0.21482889985435388	0.6586745741453324	2.3808810308348e-4	0.002468584070318226
272	E	0.16382439907825996	0.12424907990019744	-0.7316648254982764	0.1906129768965248	0.38562499082833607	9.521268085936889e-4	0.0026065362897960435
123	V	0.1876940399370967	0.1654957962792723	-0.8458922780121153	0.20463833242816865	0.4735529321413022	3.188830816184455e-4	0.0026828626502608845
89	S	0.13605562982350322	0.13653536166867014	-0.7458196416405656	0.17836648532949	0.5423516241989963	2.6447716081151894e-4	0.0026899757133260842
50	C	0.06056924478269034	0.09768416166512744	-0.716660406134428	0.17250326284247483	0.7338137473698407	2.939173159035416e-4	0.0027283730745840122
312	V	0.19187091403993883	0.08691913707532851	-0.9297576649297188	0.2730926873866197	0.09292542542676768	0.004133984280715262	0.00279870996811832
300	D	-0.3882648082756043	0.1339738166807333	-2.1111405696179957	0.42116378446817415	0.01832413761754085	7.48606048615632e-6	0.0029257720935437197
52	E	0.21639301487822463	0.09188899418380082	-0.5250032209075074	0.16657231382767343	0.068194233248046	0.008979035875155899	0.0029335155561483026
43	C	0.09666164236825972	0.11968963373762824	-0.8892173057638962	0.22329318093523504	0.63837311275713	5.645630563687661e-4	0.0029722289431347074
145	A	0.19147266505543617	0.1531441500160387	-0.7508000783017756	0.18875422913364545	0.41790186988502503	5.740724008588101e-4	0.003113950287020523
225	Y	0.27554060009872366	0.26123007063866227	-1.3275673902433378	0.3214319981538181	0.5125454733873701	3.2299615068813936e-4	0.0031661403103462496
281	S	0.00719322521301347	0.07978747433967302	-1.0239603750629729	0.2555204651016965	0.9677660825714307	5.145782340484915e-4	0.0033325854248538573
128	T	0.285501206627029	0.15602842217078153	-0.6636346128254442	0.19170756908732636	0.18648198425687681	0.0034418939817790427	0.003449729296998934
43	K	0.05471127327247149	0.1251081715322596	-1.036309850509635	0.25547857006734487	0.8223132145846206	4.2740605077525663e-4	0.0035033054324885514
214	F	0.11596119658798988	0.16334731714688222	-1.048556070676063	0.2562003384919405	0.6887525399942719	3.729734255262928e-4	0.0035280417417776506
294	E	0.22835269236264463	0.12402966512862013	-1.3090353211971877	0.3814828240476872	0.18306453425513067	0.0037981532856486643	0.0035280417417776506
241	G	-0.12965344885130956	0.11548798912158592	-0.964293261574849	0.18520939477084605	0.4791904431940006	2.9693716848274755e-6	0.003618743921272726
201	T	-0.1254091063897807	0.1726199122366391	-1.3180800309446892	0.2600987927182971	0.6803268950694693	5.773744691711137e-6	0.00365317131440519
123	K	-0.1265452466301561	0.2182328631867164	-1.521399352843864	0.29299013798546	0.7535783809970291	3.1788072788710466e-6	0.0036828230058417307
48	L	0.02613522081692723	0.06396012504282579	-0.4337512805584828	0.10231546720780406	0.8352616926054717	2.1123417200480426e-4	0.003752656164172573
225	A	0.2065462580019755	0.13426633346204114	-0.8054327352851859	0.22938139201793076	0.29077511152299895	0.002926157437869993	0.00378780167129512
268	S	0.0417744936918162	0.09986282956302432	-0.6510576619641889	0.15234298753834313	0.8310574455646993	1.8430136539373507e-4	0.003835615369165762
92	T	0.10070191676340189	0.16063640531880707	-0.8958053538698544	0.20768362865622497	0.7302234015546121	1.574715388729139e-4	0.0039382233740143276
274	S	0.13912528201717064	0.08488156097941857	-0.5102410765622121	0.14878407106933098	0.2521658269122457	0.0038222960216299324	0.003995415105445417
317	P	0.05735464811720367	0.08928223801853373	-1.0968176415265405	0.29110553524809135	0.7222412892584008	0.0012233657201702283	0.003996988517223756
113	P	0.15136870081927212	0.17126252924990837	-0.9369867843208995	0.23057174496364763	0.5993486757506702	4.16020549338041e-4	0.004010527828746812
136	C	0.10937356238612492	0.20701924863241575	-1.176337419291276	0.2711960619159749	0.7787809619430017	1.4285647398371406e-4	0.004268597780929055
135	T	-0.01690728540641296	0.14974998201041237	-0.9370178388331786	0.1937243158542347	0.9588390873881671	1.6827775992040705e-5	0.004404998807881024
44	G	0.01486511737455578	0.08248221258757177	-0.6134919188396163	0.145825616909681	0.9330602723791507	2.3908988652166324e-4	0.004493643611314384
74	L	0.20119747542397368	0.12874298304089143	-0.6222037625175189	0.17815746069201222	0.28125656529865956	0.0031142730145225115	0.004553255757767065
270	F	0.28905736801411586	0.1913895021828015	-0.9966601302582682	0.28559735031547706	0.30218022011577866	0.003143026174666585	0.004642869374044527
294	C	0.17142914914385665	0.11467351781857188	-1.0959673273431123	0.3199670264913728	0.3085614908549542	0.003873754714553684	0.004782454678596598
86	G	0.05369963334546124	0.16510214565061068	-1.0206533001967135	0.23806740617190883	0.8727407665089877	1.7457122365563895e-4	0.005069456170953299
217	A	0.23487227351941267	0.16654622981599365	-0.8441214248137253	0.23868592363755123	0.34433226546017437	0.0026926821479602036	0.005082162014792215
197	I	0.25379322073301674	0.1879386271071864	-1.0048432771057088	0.2830674733172922	0.3708655087162371	0.0025765166361773647	0.005123363439422349
147	A	0.14575800563201036	0.1515463831899925	-0.7675590770460314	0.1963819473749644	0.5601718303317801	7.388108519316377e-4	0.005462109407516636
283	P	0.1494832642737284	0.0940226068229418	-0.9594153964531342	0.28688955185950754	0.2706733539222209	0.00499905733328817	0.005618129605751422
125	T	0.09248023708819618	0.1605633315859592	-0.8081051075788998	0.18622623719264475	0.7556441959262993	1.4186927563640165e-4	0.005780624304415479
187	G	0.20202013051842743	0.1853683497891523	-0.9375414569886344	0.2502161627802249	0.4954135425780717	0.0013153543407477594	0.005826272786670398
266	Y	0.16736116469687776	0.16731741864116317	-0.9459430285788946	0.2545036886781896	0.540635086872586	0.0014621823873228806	0.005894174810109851
193	G	-0.20811757184078972	0.16926429426483222	-1.4951193984323057	0.30895128840759034	0.42789488030216294	1.6642468683660327e-5	0.005926212515699259
268	Q	0.07867240328659984	0.1469047176216715	-0.8734386986663226	0.2152953398418215	0.7753853277027197	4.265338870036507e-4	0.005931843164467624
88	S	0.2442787566892511	0.13340856595479572	-0.6082200297834393	0.19159684376878156	0.1861124032004728	0.008384720450571176	0.005957219727036532
153	H	0.33180058360785736	0.19105700282385896	-0.9654563257208169	0.2995335470847789	0.21679274285702144	0.007248522666385143	0.005957219727036532
290	K	-0.24479090921714364	0.14820997507615155	-2.082486950093719	0.4812840821618015	0.24723264071519535	1.4907978560762693e-4	0.005995923263777843
137	V	0.05895316665740548	0.15242978306649496	-0.8375827821693117	0.1933019593976872	0.8453560485363546	1.4550866614479764e-4	0.00611563940198225
285	V	0.18265888688435533	0.08867205810843563	-0.8823341366134515	0.27972331970745207	0.12394145086839542	0.008908968075427013	0.0063400015182812205
67	G	0.24111934083532272	0.15442726593778527	-0.7071594933972424	0.211409252923003	0.28175621553962865	0.0049869509625136525	0.006446008010003943
161	F	0.03133475739446555	0.17989500303634862	-1.011855024180723	0.22531619674176073	0.9351215032355494	7.600873829850856e-5	0.006529537210765128
131	N	0.11604395907339274	0.24889712870290875	-1.376801357753319	0.3295588859648373	0.8085555368646818	2.6823684408327516e-4	0.00658450984547795
53	P	0.0186580070056171	0.0900820567858986	-0.6734806371535162	0.16959718339185903	0.922138237337077	5.876015710964649e-4	0.006771301519702345
311	T	0.04618330126481937	0.07932891247862199	-1.0211224095630065	0.2857472494713804	0.7524020770472809	0.0023837773168082065	0.006853463549495368
258	N	0.23408030030596444	0.1478013303571771	-0.8091671222763103	0.24959014274540595	0.273172134938277	0.006847311981055691	0.006897736106173824
159	P	0.0676131888938344	0.16247067611820332	-0.8639155946342294	0.20226825124107295	0.8318568136791304	1.8614332045830838e-4	0.0070124582816347755
54	F	0.19299164641977493	0.11053309678523209	-0.4819964313567108	0.15214917216264742	0.21365319437657734	0.008550704048824886	0.0070365467152474345
124	W	0.2706228681057066	0.3167375309010224	-1.6410086996915032	0.4289146530309312	0.6146673714620565	9.95859691823679e-4	0.007093513076233929
107	T	0.05818417551821801	0.0959463828907896	-0.4991504608282701	0.12246487085778168	0.7406875888597786	3.9752568076502955e-4	0.007161501068434223
150	C	0.18516355123472655	0.20010891301833603	-0.944747418199377	0.2465734069140745	0.5782134923507004	9.767144830126345e-4	0.007669236580239387
274	T	0.14537027482351836	0.09494074779689143	-0.508954959296296	0.15749620011067522	0.29365995517453347	0.007064830162157373	0.007669236580239387
312	R	0.05116410547320552	0.07051304845991137	-0.8239678068143055	0.23563165368907135	0.6809008676708914	0.0030703873601646116	0.007669236580239387
104	Q	0.192696974287709	0.20442701525286625	-1.0341213380376222	0.27772686396442947	0.5693171768348629	0.0014271055610348287	0.00767422936741427
195	C	0.1793569119079742	0.16111506544693657	-0.8298008547424076	0.23417859081626632	0.4837964982442249	0.0026298594297870024	0.007830545076199312
125	S	0.05760896852037113	0.14640976285775698	-0.6983375370898468	0.15489569341273018	0.8424049823198605	7.056694265633506e-5	0.007881128104060392
166	G	0.479539139889664	0.3314804029054461	-1.57435310941413	0.4751875070591696	0.3288948826735935	0.00550942851369804	0.00792654215217593
267	T	-0.04662236138162365	0.11189827078719344	-0.7850040250424815	0.17577495829451625	0.831699014976411	8.43347224371564e-5	0.007960864779873782
175	Q	0.2718584744001567	0.16035241156252728	-0.7770614111672455	0.24905498403104517	0.23125728411665952	0.009837101364613974	0.008018980828614963
162	R	-0.01728660990581744	0.10403868213624134	-0.5397884334049002	0.10551268098705326	0.938439395402609	4.601250815221336e-6	0.00834131532394891
128	S	-0.10129032675605729	0.13271339304010127	-0.8294688207885282	0.15879528169188337	0.6611262704121119	2.7335824266788647e-6	0.00850998416467343
120	R	0.21622383442393744	0.13120611005934882	-0.5165934263426188	0.16192366437939285	0.24854148687594296	0.008008539307150635	0.008567732873262639
224	C	-0.24924977549237456	0.2190256478005115	-1.6686690002490736	0.33939167380582674	0.47172157994301744	1.1695984429508194e-5	0.008617772444151392
250	A	-0.33099830702627575	0.12481804621928726	-1.141575528119701	0.19424473142862672	0.03438231405612375	9.490143373049231e-8	0.008695051947930191
124	S	-0.06022730897089363	0.14405349933028483	-0.8337600592425191	0.166834629663183	0.8310985553475693	8.035465368812074e-6	0.008730413526102161
281	R	-0.01563307045221752	0.07358148701659473	-0.9516118457442168	0.2566184814490066	0.9202590164678155	0.0015070837880102445	0.00880640374653295
182	G	0.18024488373768663	0.16064158759850497	-0.9404268287953732	0.27661748041050294	0.47944151799458234	0.004195026815327757	0.008871509318363837
83	W	0.4178461356662498	0.2810523398288692	-1.348852849749638	0.4188095932314996	0.31211753819912214	0.007304535304454595	0.00888958771136683
306	E	0.10307271688262704	0.11582307709387392	-1.2440388436020071	0.3668435617509957	0.5960057702461683	0.0043097791799121665	0.008915157454303102
80	A	0.02099112993118141	0.15379522024928866	-0.863815353101458	0.2009913275713876	0.949873685723685	1.6726207529760815e-4	0.009057221130636211
145	G	0.1517025450152142	0.15583323237452223	-0.688617202080506	0.18332689604554137	0.5541962082929651	0.0012740191274608769	0.009140370935316808
304	S	0.10275829663112132	0.0681252187963518	-0.6469855317646858	0.20456612441051925	0.3030059897823848	0.008685095744298816	0.00949063243829836
103	Y	-0.06965567134335472	0.18047750678102825	-1.2274029997625124	0.28015146312952277	0.8455817014309419	1.198431336475873e-4	0.009577529252614868
274	R	0.09002536322163641	0.08468056998191233	-0.45314449765640935	0.13143739222409495	0.5083211203140447	0.003603713024704645	0.009577766342510478
161	W	0.3284509862888144	0.31405977394950785	-1.2861340917375912	0.34509060850661416	0.5168876563660567	0.0014107930345917967	0.009926788797929582
