Cons	WT_AA_Short	Pos
0.09252	M	1
0.09608	V	2
0.08517	N	3
0.09460	S	4
0.08646	T	5
0.09572	H	6
0.10269	R	7
0.08768	G	8
0.09637	M	9
0.08756	H	10
0.07827	T	11
0.07880	S	12
0.09083	L	13
0.07032	H	14
0.08787	L	15
0.09067	W	16
0.07953	N	17
0.07944	R	18
0.08398	S	19
0.08647	S	20
0.08149	Y	21
0.09351	R	22
0.08538	L	23
0.09958	H	24
0.07322	S	25
0.09869	N	26
0.11509	A	27
0.09701	S	28
0.10950	E	29
0.14692	S	30
0.12616	L	31
0.12760	G	32
0.12116	K	33
0.11146	G	34
0.10477	Y	35
0.12596	S	36
0.11819	D	37
0.10796	G	38
0.11616	G	39
0.09545	C	40
0.09835	Y	41
0.12674	E	42
0.11469	Q	43
0.12194	L	44
0.18382	F	45
0.17133	V	46
0.18600	S	47
0.21634	P	48
0.23836	E	49
0.23349	V	50
0.23276	F	51
0.27689	V	52
0.25821	T	53
0.32021	L	54
0.27675	G	55
0.30075	V	56
0.33943	I	57
0.35107	S	58
0.39539	L	59
0.35820	L	60
0.42202	E	61
0.60743	N	62
0.36982	I	63
0.42104	L	64
0.44344	V	65
0.36833	I	66
0.31466	V	67
0.30503	A	68
0.28475	I	69
0.18946	A	70
0.16767	K	71
0.14391	N	72
0.16876	K	73
0.14727	N	74
0.17549	L	75
0.17751	H	76
0.20566	S	77
0.20936	P	78
0.24466	M	79
0.28965	Y	80
0.30289	F	81
0.38558	F	82
0.41149	I	83
0.35092	C	84
0.39972	S	85
0.48616	L	86
0.44723	A	87
0.38852	V	88
0.47058	A	89
0.51066	D	90
0.39119	M	91
0.40242	L	92
0.32102	V	93
0.29298	S	94
0.31045	V	95
0.31517	S	96
0.29109	N	97
0.32147	G	98
0.32129	S	99
0.20167	E	100
0.25259	T	101
0.20452	I	102
0.18588	V	103
0.19138	I	104
0.18254	T	105
0.13135	L	106
0.15021	L	107
0.15430	N	108
0.16933	S	109
0.15372	T	110
0.18157	D	111
0.09060	T	112
0.08428	D	113
0.09053	A	114
0.13084	Q	115
0.16751	S	116
0.15858	F	117
0.24557	T	118
0.22250	V	119
0.24733	N	120
0.27945	I	121
0.48785	D	122
0.29632	N	123
0.32346	V	124
0.29507	I	125
0.22791	D	126
0.29830	S	127
0.29250	V	128
0.21701	I	129
0.26037	C	130
0.27742	S	131
0.28780	S	132
0.31128	L	133
0.31836	L	134
0.37011	A	135
0.43864	S	136
0.40890	I	137
0.39880	C	138
0.37566	S	139
0.43510	L	140
0.40264	L	141
0.38573	S	142
0.46135	I	143
0.51520	A	144
0.46314	V	145
0.50558	D	146
0.56237	R	147
0.49970	Y	148
0.37635	F	149
0.37126	T	150
0.39425	I	151
0.24349	F	152
0.25169	Y	153
0.26631	A	154
0.21118	L	155
0.19570	Q	156
0.27764	Y	157
0.16751	H	158
0.16973	N	159
0.17567	I	160
0.12975	M	161
0.20886	T	162
0.16877	V	163
0.23891	K	164
0.24953	R	165
0.26250	V	166
0.23358	G	167
0.22824	I	168
0.26452	I	169
0.32194	I	170
0.32312	S	171
0.33033	C	172
0.36689	I	173
0.52165	W	174
0.37106	A	175
0.33572	A	176
0.41689	C	177
0.33555	T	178
0.33315	V	179
0.31942	S	180
0.35956	G	181
0.29537	I	182
0.32606	L	183
0.45227	F	184
0.27359	I	185
0.25982	I	186
0.21021	Y	187
0.13250	S	188
0.09794	D	189
0.11269	S	190
0.11570	S	191
0.08870	A	192
0.12895	V	193
0.09780	I	194
0.07874	I	195
0.08543	C	196
0.05587	L	197
0.08135	I	198
0.10691	T	199
0.11074	M	200
0.13282	F	201
0.16775	F	202
0.20688	T	203
0.19701	M	204
0.19683	L	205
0.19815	A	206
0.17653	L	207
0.20927	M	208
0.25494	A	209
0.26545	S	210
0.38771	L	211
0.31708	Y	212
0.33840	V	213
0.43418	H	214
0.36777	M	215
0.32801	F	216
0.34483	L	217
0.35928	M	218
0.31301	A	219
0.28508	R	220
0.32644	L	221
0.41113	H	222
0.25101	I	223
0.25334	K	224
0.31827	R	225
0.25532	I	226
0.24989	A	227
0.19747	V	228
0.25351	L	229
0.19210	P	230
0.20357	G	231
0.10633	T	232
0.09209	G	233
0.07745	A	234
0.08863	I	235
0.07392	R	236
0.09733	Q	237
0.11990	G	238
0.18778	A	239
0.21717	N	240
0.22667	M	241
0.28551	K	242
0.25453	G	243
0.25026	A	244
0.30496	I	245
0.29253	T	246
0.31098	L	247
0.30166	T	248
0.32812	I	249
0.37868	L	250
0.35481	I	251
0.34953	G	252
0.36422	V	253
0.38646	F	254
0.32310	V	255
0.39401	V	256
0.48864	C	257
0.48198	W	258
0.37958	A	259
0.63891	P	260
0.41618	F	261
0.33799	F	262
0.39081	L	263
0.27663	H	264
0.20845	L	265
0.29160	I	266
0.25042	F	267
0.19039	Y	268
0.18994	I	269
0.19175	S	270
0.11545	C	271
0.07220	P	272
0.07207	Q	273
0.06711	N	274
0.09511	P	275
0.09654	Y	276
0.06335	C	277
0.07347	V	278
0.07172	C	279
0.14741	F	280
0.12549	M	281
0.12391	S	282
0.20449	H	283
0.18995	F	284
0.17184	N	285
0.26705	L	286
0.25348	Y	287
0.24643	L	288
0.29564	I	289
0.37068	L	290
0.28974	I	291
0.36354	M	292
0.36526	C	293
0.43198	N	294
0.46699	S	295
0.47023	I	296
0.45881	I	297
0.56125	D	298
0.63660	P	299
0.46761	L	300
0.49953	I	301
0.53709	Y	302
0.28095	A	303
0.31157	L	304
0.23760	R	305
0.28266	S	306
0.29297	Q	307
0.27281	E	308
0.42050	L	309
0.39593	R	310
0.28927	K	311
0.27511	T	312
0.28474	F	313
0.25019	K	314
0.20294	E	315
0.23906	I	316
0.22861	I	317
0.17264	C	318
0.11762	C	319
0.13103	Y	320
0.12927	P	321
0.10871	L	322
0.09348	G	323
0.10081	G	324
0.09499	L	325
0.11973	C	326
0.10694	D	327
0.12844	L	328
0.08771	S	329
0.09666	S	330
0.10992	R	331
0.09489	Y	332
