Variant	Position
S4F	4
T5N	5
H6A	6
R7C	7
R7H	7
T11A	11
T11S	11
W16X	16
R18C	18
R18H	18
R18L	18
S19G	19
L23R	23
S30E	30
S30F	30
G32E	32
G34A	34
Y35X	35
Y35C	35
S36T	36
D37V	37
D37X	37
C40R	40
E42K	42
Q43K	43
Q43X	43
P48S	48
V50M	50
F51L	51
T53I	53
L54P	54
G55D	55
G55V	55
S58C	58
E61G	61
E61K	61
N62S	62
I69M	69
I69R	69
I69T	69
A70D	70
A70T	70
N72K	72
K73R	73
N74I	74
H76R	76
S77L	77
P78L	78
M79I	79
M79V	79
Y80C	80
Y80X	80
C84R	84
S85I	85
L86F	86
A87D	87
D90A	90
D90N	90
M91R	91
S94N	94
S94R	94
V95A	95
V95I	95
N97D	97
G98R	98
T101A	101
T101N	101
I102S	102
I102T	102
V103I	103
L106P	106
T112M	112
T112K	112
I121T	121
N123S	123
I125K	125
I125V	125
D126E	126
D126Y	126
S127L	127
A135P	135
S136F	136
S136P	136
I137T	137
S139R	139
L140P	140
L141H	141
L141R	141
D146N	146
D146V	146
T150I	150
A154D	154
A154V	154
Q156P	156
Q156R	156
Q156X	156
Y157S	157
H158R	158
I160M	160
M161T	161
T162I	162
T162R	162
V163I	163
R165G	165
R165Q	165
R165W	165
V166I	166
I169S	169
I170V	170
C172R	172
W174C	174
A175T	175
T178M	178
S180P	180
G181D	181
L183F	183
F184L	184
I186V	186
S191T	191
I194T	194
I195M	195
I195S	195
I195V	195
M200V	200
F201L	201
F202L	202
M208V	208
L211V	211
M215I	215
M215L	215
M218T	218
A219S	219
A219V	219
I226T	226
A227T	227
P230L	230
G231S	231
G231V	231
T232S	232
R236C	236
R236H	236
G238D	238
N240S	240
G243R	243
A244E	244
A244V	244
T246N	246
L250Q	250
I251L	251
G252S	252
V253I	253
V255I	255
A259V	259
P260Q	260
F261S	261
I266A	266
F267L	267
Y268I	268
I269N	269
I269V	269
S270L	270
C271Y	271
C271F	271
C271R	271
P272R	272
P272L	272
Q273P	273
Q273X	273
N274S	274
P275S	275
Y276C	276
C277X	277
C279R	279
C279Y	279
F280L	280
M281V	281
H283Y	283
Y287X	287
I289L	289
N294H	294
S295P	295
I297N	297
D298A	298
P299H	299
P299L	299
P299S	299
L300P	300
I301T	301
Y302F	302
A303P	303
A303T	303
L304F	304
R305S	305
R305W	305
R305Q	305
S306N	306
Q307X	307
E308K	308
R310K	310
T312S	312
I316S	316
I317T	317
I317F	317
I317V	317
G323V	323
L325I	325
L325F	325
C326R	326
L328X	328
Y332C	332
Y332H	332
