GPCRdb	BW	GPCRdb(A)	WT	TM
1x35	1.35	1.35x35	S47	TM1
1x36	1.36	1.36x36	P48	TM1
1x37	1.37	1.37x37	E49	TM1
1x38	1.38	1.38x38	V50	TM1
1x39	1.39	1.39x39	F51	TM1
1x40	1.40	1.40x40	V52	TM1
1x41	1.41	1.41x41	T53	TM1
1x42	1.42	1.42x42	L54	TM1
1x43	1.43	1.43x43	G55	TM1
1x44	1.44	1.44x44	V56	TM1
1x45	1.45	1.45x45	I57	TM1
1x46	1.46	1.46x46	S58	TM1
1x47	1.47	1.47x47	L59	TM1
1x48	1.48	1.48x48	L60	TM1
1x49	1.49	1.49x49	E61	TM1
1x50	1.50	1.50x50	N62	TM1
1x51	1.51	1.51x51	I63	TM1
1x52	1.52	1.52x52	L64	TM1
1x53	1.53	1.53x53	V65	TM1
1x54	1.54	1.54x54	I66	TM1
1x55	1.55	1.55x55	V67	TM1
1x56	1.56	1.56x56	A68	TM1
1x57	1.57	1.57x57	I69	TM1
1x58	1.58	1.58x58	A70	TM1
1x59	1.59	1.59x59	K71	TM1
1x60	1.60	1.60x60	N72	TM1
12x48	12.48	12.48x48	K73	ICL1
12x49	12.49	12.49x49	N74	ICL1
12x50	12.50	12.50x50	L75	ICL1
12x51	12.51	12.51x51	H76	ICL1
2x37	2.37	2.37x37	S77	TM2
2x38	2.38	2.38x38	P78	TM2
2x39	2.39	2.39x39	M79	TM2
2x40	2.40	2.40x40	Y80	TM2
2x41	2.41	2.41x41	F81	TM2
2x42	2.42	2.42x42	F82	TM2
2x43	2.43	2.43x43	I83	TM2
2x44	2.44	2.44x44	C84	TM2
2x45	2.45	2.45x45	S85	TM2
2x46	2.46	2.46x46	L86	TM2
2x47	2.47	2.47x47	A87	TM2
2x48	2.48	2.48x48	V88	TM2
2x49	2.49	2.49x49	A89	TM2
2x50	2.50	2.50x50	D90	TM2
2x51	2.51	2.51x51	M91	TM2
2x52	2.52	2.52x52	L92	TM2
2x53	2.53	2.53x53	V93	TM2
2x54	2.54	2.54x54	S94	TM2
2x55	2.55	2.55x55	V95	TM2
2x56	2.56	2.56x56	S96	TM2
2x57	2.57	2.57x57	N97	TM2
2x58	2.58	2.58x58	G98	TM2
2x59	2.59	2.59x59	S99	TM2
2x60	2.60	2.60x60	E100	TM2
2x61	2.61	2.61x61	T101	TM2
2x62	2.62	2.62x62	I102	TM2
2x63	2.63	2.63x63	V103	TM2
2x64	2.64	2.64x64	I104	TM2
2x65	2.65	2.65x65	T105	TM2
2x66	2.66	2.66x66	L106	TM2
2x67	2.67	2.67x67	L107	TM2
3x18	3.18	3.18x18	Q115	TM3
3x19	3.19	3.19x19	S116	TM3
3x20	3.20	3.20x20	F117	TM3
3x21	3.21	3.21x21	T118	TM3
3x22	3.22	3.22x22	V119	TM3
3x23	3.23	3.23x23	N120	TM3
3x24	3.24	3.24x24	I121	TM3
3x25	3.25	3.25x25	D122	TM3
3x26	3.26	3.26x26	N123	TM3
3x27	3.27	3.27x27	V124	TM3
3x28	3.28	3.28x28	I125	TM3
3x29	3.29	3.29x29	D126	TM3
3x30	3.30	3.30x30	S127	TM3
3x31	3.31	3.31x31	V128	TM3
3x32	3.32	3.32x32	I129	TM3
3x33	3.33	3.33x33	C130	TM3
3x34	3.34	3.34x34	S131	TM3
3x35	3.35	3.35x35	S132	TM3
3x36	3.36	3.36x36	L133	TM3
3x37	3.37	3.37x37	L134	TM3
3x38	3.38	3.38x38	A135	TM3
3x39	3.39	3.39x39	S136	TM3
3x40	3.40	3.40x40	I137	TM3
3x41	3.41	3.41x41	C138	TM3
3x42	3.42	3.42x42	S139	TM3
3x43	3.43	3.43x43	L140	TM3
3x44	3.44	3.44x44	L141	TM3
3x45	3.45	3.45x45	S142	TM3
3x46	3.46	3.46x46	I143	TM3
3x47	3.47	3.47x47	A144	TM3
3x48	3.48	3.48x48	V145	TM3
3x49	3.49	3.49x49	D146	TM3
3x50	3.50	3.50x50	R147	TM3
3x51	3.51	3.51x51	Y148	TM3
3x52	3.52	3.52x52	F149	TM3
3x53	3.53	3.53x53	T150	TM3
3x54	3.54	3.54x54	I151	TM3
3x55	3.55	3.55x55	F152	TM3
3x56	3.56	3.56x56	Y153	TM3
34x50	34.50	34.50x50	A154	ICL2
34x51	34.51	34.51x51	L155	ICL2
34x52	34.52	34.52x52	Q156	ICL2
34x53	34.53	34.53x53	Y157	ICL2
34x54	34.54	34.54x54	H158	ICL2
34x55	34.55	34.55x55	N159	ICL2
34x56	34.56	34.56x56	I160	ICL2
34x57	34.57	34.57x57	M161	ICL2
4x38	4.38	4.38x38	T162	TM4
4x39	4.39	4.39x39	V163	TM4
4x40	4.40	4.40x40	K164	TM4
4x41	4.41	4.41x41	R165	TM4
4x42	4.42	4.42x42	V166	TM4
4x43	4.43	4.43x43	G167	TM4
4x44	4.44	4.44x44	I168	TM4
4x45	4.45	4.45x45	I169	TM4
4x46	4.46	4.46x46	I170	TM4
4x47	4.47	4.47x47	S171	TM4
4x48	4.48	4.48x48	C172	TM4
4x49	4.49	4.49x49	I173	TM4
4x50	4.50	4.50x50	W174	TM4
4x51	4.51	4.51x51	A175	TM4
4x52	4.52	4.52x52	A176	TM4
4x53	4.53	4.53x53	C177	TM4
4x54	4.54	4.54x54	T178	TM4
4x55	4.55	4.55x55	V179	TM4
4x56	4.56	4.56x56	S180	TM4
4x57	4.57	4.57x57	G181	TM4
4x58	4.58	4.58x58	I182	TM4
4x59	4.59	4.59x59	L183	TM4
4x60	4.60	4.60x60	F184	TM4
4x61	4.61	4.61x61	I185	TM4
4x62	4.62	4.62x62	I186	TM4
4x63	4.63	4.63x63	Y187	TM4
4x64	4.64	4.64x64	S188	TM4
5x36	5.36	5.36x36	S190	TM5
5x37	5.37	5.37x37	S191	TM5
5x38	5.38	5.38x38	A192	TM5
5x39	5.39	5.39x39	V193	TM5
5x40	5.40	5.40x40	I194	TM5
5x41	5.41	5.41x41	I195	TM5
5x42	5.42	5.42x42	C196	TM5
5x43	5.43	5.43x43	L197	TM5
5x44	5.44	5.44x44	I198	TM5
5x45	5.45	5.45x45	T199	TM5
5x46	5.46	5.46x46	M200	TM5
5x47	5.47	5.47x47	F201	TM5
5x48	5.48	5.48x48	F202	TM5
5x49	5.49	5.49x49	T203	TM5
5x50	5.50	5.50x50	M204	TM5
5x51	5.51	5.51x51	L205	TM5
5x52	5.52	5.52x52	A206	TM5
5x53	5.53	5.53x53	L207	TM5
5x54	5.54	5.54x54	M208	TM5
5x55	5.55	5.55x55	A209	TM5
5x56	5.56	5.56x56	S210	TM5
5x57	5.57	5.57x57	L211	TM5
5x58	5.58	5.58x58	Y212	TM5
5x59	5.59	5.59x59	V213	TM5
5x60	5.60	5.60x60	H214	TM5
5x61	5.61	5.61x61	M215	TM5
5x62	5.62	5.62x62	F216	TM5
5x63	5.63	5.63x63	L217	TM5
5x64	5.64	5.64x64	M218	TM5
5x65	5.65	5.65x65	A219	TM5
5x66	5.66	5.66x66	R220	TM5
5x67	5.67	5.67x67	L221	TM5
5x68	5.68	5.68x68	H222	TM5
5x69	5.69	5.69x69	I223	TM5
5x70	5.70	5.70x70	K224	TM5
5x71	5.71	5.71x71	R225	TM5
5x72	5.72	5.72x72	I226	TM5
5x73	5.73	5.73x73	A227	TM5
6x27	6.27	6.27x27	Q237	TM6
6x28	6.28	6.28x28	G238	TM6
6x29	6.29	6.29x29	A239	TM6
6x30	6.30	6.30x30	N240	TM6
6x31	6.31	6.31x31	M241	TM6
6x32	6.32	6.32x32	K242	TM6
6x33	6.33	6.33x33	G243	TM6
6x34	6.34	6.34x34	A244	TM6
6x35	6.35	6.35x35	I245	TM6
6x36	6.36	6.36x36	T246	TM6
6x37	6.37	6.37x37	L247	TM6
6x38	6.38	6.38x38	T248	TM6
6x39	6.39	6.39x39	I249	TM6
6x40	6.40	6.40x40	L250	TM6
6x41	6.41	6.41x41	I251	TM6
6x42	6.42	6.42x42	G252	TM6
6x43	6.43	6.43x43	V253	TM6
6x44	6.44	6.44x44	F254	TM6
6x45	6.45	6.45x45	V255	TM6
6x46	6.46	6.46x46	V256	TM6
6x47	6.47	6.47x47	C257	TM6
6x48	6.48	6.48x48	W258	TM6
6x49	6.49	6.49x49	A259	TM6
6x50	6.50	6.50x50	P260	TM6
6x51	6.51	6.51x51	F261	TM6
6x52	6.52	6.52x52	F262	TM6
6x53	6.53	6.53x53	L263	TM6
6x54	6.54	6.54x54	H264	TM6
6x55	6.55	6.55x55	L265	TM6
6x56	6.56	6.56x56	I266	TM6
6x57	6.57	6.57x57	F267	TM6
6x58	6.58	6.58x58	Y268	TM6
6x59	6.59	6.59x59	I269	TM6
6x60	6.60	6.60x60	S270	TM6
6x61	6.61	6.61x61	C271	TM6
7x33	7.34	7.34x33	H283	TM7
7x34	7.35	7.35x34	F284	TM7
7x35	7.36	7.36x35	N285	TM7
7x36	7.37	7.37x36	L286	TM7
7x37	7.38	7.38x37	Y287	TM7
7x38	7.39	7.39x38	L288	TM7
7x39	7.40	7.40x39	I289	TM7
7x40	7.41	7.41x40	L290	TM7
7x41	7.42	7.42x41	I291	TM7
7x42	7.43	7.43x42	M292	TM7
7x43	7.44	7.44x43	C293	TM7
7x45	7.45	7.45x45	N294	TM7
7x46	7.46	7.46x46	S295	TM7
7x47	7.47	7.47x47	I296	TM7
7x48	7.48	7.48x48	I297	TM7
7x49	7.49	7.49x49	D298	TM7
7x50	7.50	7.50x50	P299	TM7
7x51	7.51	7.51x51	L300	TM7
7x52	7.52	7.52x52	I301	TM7
7x53	7.53	7.53x53	Y302	TM7
7x54	7.54	7.54x54	A303	TM7
7x55	7.55	7.55x55	L304	TM7
7x56	7.56	7.56x56	R305	TM7
8x47	8.47	8.47x47	S306	H8
8x48	8.48	8.48x48	Q307	H8
8x49	8.49	8.49x49	E308	H8
8x50	8.50	8.50x50	L309	H8
8x51	8.51	8.51x51	R310	H8
8x52	8.52	8.52x52	K311	H8
8x53	8.53	8.53x53	T312	H8
8x54	8.54	8.54x54	F313	H8
8x55	8.55	8.55x55	K314	H8
8x56	8.56	8.56x56	E315	H8
8x57	8.57	8.57x57	I316	H8
8x58	8.58	8.58x58	I317	H8
8x59	8.59	8.59x59	C318	H8
8x60	8.60	8.60x60	C319	H8
8x61	8.61	8.61x61	Y320	H8