depth	drug	concentration	mut_aa	estimate	std.error	statistic	p.value
3	aMSH	5e-10	*	-1.5236456725904939	0.22776664644356318	-6.689503034712452	2.2392974180741133e-11
3	aMSH	5e-10	A	-0.5089124134343967	0.18429365780655976	-2.7614211985990678	0.005755040275282114
3	aMSH	5e-10	C	-0.5893091856460697	0.2756480238734264	-2.137904626940739	0.03252448465155435
3	aMSH	5e-10	D	-0.7203128981866452	0.3128922679435359	-2.3021115316171117	0.021328883275932253
3	aMSH	5e-10	F	0.3347307454328452	0.3056881541570382	1.0950072512816027	0.27351345969449214
3	aMSH	5e-10	G	-0.8301926496522576	0.16309614780391501	-5.090203912420851	3.5767866941405755e-7
3	aMSH	5e-10	H	-1.1233300106934356	0.3237579768849542	-3.4696597177360213	5.211181272852937e-4
3	aMSH	5e-10	I	-0.021437390558946803	0.19705696169203907	-0.10878778590146532	0.9133708117564182
3	aMSH	5e-10	K	-0.8673125376563771	0.23979528981046153	-3.616887297252237	2.981670495988004e-4
3	aMSH	5e-10	L	-0.09176307813593312	0.13893516076097023	-0.6604741206857355	0.5089496206196533
3	aMSH	5e-10	M	-0.3209610363468542	0.3385675929682631	-0.947996922956949	0.343131020674461
3	aMSH	5e-10	N	-0.8762425844923962	0.24747768471685375	-3.5406933174396324	3.9907715859248904e-4
3	aMSH	5e-10	P	-1.3591760546396525	0.5423668299689847	-2.506008810895344	0.012210257709765476
3	aMSH	5e-10	Q	-0.9144649466079104	0.23379560391790782	-3.9113864045493547	9.176781629136084e-5
3	aMSH	5e-10	R	-1.126699853989339	0.16383730444887906	-6.876943305307459	6.115043217943193e-12
3	aMSH	5e-10	S	-0.8929103598818536	0.14389674502714817	-6.2052158282898855	5.462188751475231e-10
3	aMSH	5e-10	T	-0.6944037627033937	0.163448734775465	-4.248449910960273	2.152547612624293e-5
3	aMSH	5e-10	V	-0.1232818741203218	0.16441238731478572	-0.7498332463495284	0.4533551425659903
3	aMSH	5e-10	W	-0.8152997981724597	0.3104981578635906	-2.6257798235654612	0.008645071792821948
3	aMSH	5e-10	Y	-1.435631255456637	0.29406037960921055	-4.882096858354427	1.0496367362272246e-6
5	aMSH	5e-10	*	-1.523657387093481	0.22780750578749512	-6.688354634437678	2.256936773430133e-11
5	aMSH	5e-10	A	-0.5089144314859941	0.18433223150950384	-2.7608542864070706	0.00576503914788625
5	aMSH	5e-10	C	-0.5892957638345746	0.2757040652346042	-2.137421380903929	0.032563733929189424
5	aMSH	5e-10	D	-0.7203333188204943	0.3129513167887165	-2.3017424122449515	0.02134970287640103
5	aMSH	5e-10	F	0.3347413325095927	0.30576081974001096	1.094781642704333	0.27361231065451286
5	aMSH	5e-10	G	-0.8302057200921689	0.1631283398607525	-5.08927952556152	3.594264733270102e-7
5	aMSH	5e-10	H	-1.1233861853286813	0.3238128790565008	-3.4692449188615075	5.219234218054203e-4
5	aMSH	5e-10	I	-0.021484218583031647	0.19709996073544073	-0.10900163806663077	0.9132011910890124
5	aMSH	5e-10	K	-0.8673310176450043	0.23984230375720839	-3.616255364704138	2.9889552415013766e-4
5	aMSH	5e-10	L	-0.09178810125233286	0.1389661543657985	-0.6605068814865555	0.5089286039167052
5	aMSH	5e-10	M	-0.3209428151894406	0.3386452211497	-0.9477258060805944	0.34326905992512785
5	aMSH	5e-10	N	-0.8762459120620223	0.24752494901052502	-3.54003067393729	4.000805287285069e-4
5	aMSH	5e-10	P	-0.18914141341037632	0.41176074741037777	-0.4593478484773348	0.6459843923869077
5	aMSH	5e-10	Q	-0.9145358537105815	0.2338441386630409	-3.9108778134840807	9.196128797788176e-5
5	aMSH	5e-10	R	-1.1267257224670404	0.1638657969927187	-6.875905424712308	6.15973575633878e-12
5	aMSH	5e-10	S	-0.8929277924186034	0.14392603018565325	-6.2040743517124515	5.501977092658469e-10
5	aMSH	5e-10	T	-0.6944144554760988	0.1634814220499038	-4.247665861776785	2.160092371393321e-5
5	aMSH	5e-10	V	-0.12328262125685131	0.16445032035070123	-0.7496648288306337	0.45345659529490234
5	aMSH	5e-10	W	-0.8152914239498084	0.31056546209841757	-2.6251838129104135	0.008660220116691089
5	aMSH	5e-10	Y	-1.435704415060064	0.29411398720638615	-4.881455753590526	1.0530555281453565e-6
10	aMSH	5e-10	*	-1.5236561013674574	0.22779352699140842	-6.688759428291061	2.250703696859051e-11
10	aMSH	5e-10	A	-0.5089135507642436	0.184320293918663	-2.7610283162244595	0.005761968044611588
10	aMSH	5e-10	C	-0.5892962552376655	0.27568636689671194	-2.137560380192648	0.03255244024290129
10	aMSH	5e-10	D	-0.7203299266100318	0.3129314690705803	-2.301877560443001	0.021342078000983485
10	aMSH	5e-10	F	0.33474029916553966	0.3057402806134273	1.0948518085151477	0.2735815647135902
10	aMSH	5e-10	G	-0.8302050339389323	0.16311798364323235	-5.089598432964549	3.5882256311151905e-7
10	aMSH	5e-10	H	-1.12338169432773	0.3237927866727897	-3.4694463266810467	5.215322619846219e-4
10	aMSH	5e-10	I	-0.021480617847167323	0.19708697465382208	-0.10899055041510199	0.9132099853608961
10	aMSH	5e-10	K	-0.8673274908001827	0.23982704509378858	-3.61647073815632	2.9864706048999087e-4
10	aMSH	5e-10	L	-0.09178472587062622	0.13895698639971113	-0.660526168915369	0.5089162308615839
10	aMSH	5e-10	M	-0.3209457491746177	0.3386229145310449	-0.9477969015153387	0.343232858228668
10	aMSH	5e-10	N	-0.8762434687161706	0.24750921496464579	-3.5402458403067265	3.9975446721704424e-4
10	aMSH	5e-10	P	-1.2086960115167134	0.2980578099234381	-4.0552401959445055	5.0082811146355446e-5
10	aMSH	5e-10	Q	-0.9145283723288009	0.2338290435274709	-3.911098290154703	9.187736981507266e-5
10	aMSH	5e-10	R	-1.126721680880087	0.16385567682572338	-6.876305433582667	6.142473048143115e-12
10	aMSH	5e-10	S	-0.8929253779430154	0.14391681649468432	-6.204454765548516	5.488685723753286e-10
10	aMSH	5e-10	T	-0.6944125982361627	0.16347096509455086	-4.247926216343787	2.1575842407601947e-5
10	aMSH	5e-10	V	-0.12328281164566111	0.164439409008662	-0.7497157304862795	0.453425931386527
10	aMSH	5e-10	W	-0.8152907441277062	0.31054532399862333	-2.6253518604946713	0.008655946586509899
10	aMSH	5e-10	Y	-1.4356926630948277	0.29409563074485195	-4.881720477991015	1.051642546641628e-6
20	aMSH	5e-10	*	-1.523663237696853	0.2278244271499736	-6.687883545928316	2.2642119443561985e-11
20	aMSH	5e-10	A	-0.50891519504209215	0.18434867064244786	-2.760612231531384	0.005769313143195629
20	aMSH	5e-10	C	-0.5892886978450375	0.2757278177850556	-2.137211626229237	0.03258078284082081
20	aMSH	5e-10	D	-0.720343088503977	0.3129759019623636	-2.3015928190873964	0.021358145482758693
20	aMSH	5e-10	F	0.3347466614822925	0.3057925061997778	1.0946856273305747	0.27365438743699466
20	aMSH	5e-10	G	-0.8302125242371856	0.16314191401502542	-5.088897781110517	3.6015066717620873e-7
20	aMSH	5e-10	H	-1.1234148623345184	0.32383513034151673	-3.4690950952411006	5.222145758255701e-4
20	aMSH	5e-10	I	-0.021508181830364813	0.19711840071478648	-0.10911300899546826	0.9131128568112941
20	aMSH	5e-10	K	-0.8673396974590467	0.23986207837693738	-3.615993421419636	2.9919797360035156e-4
20	aMSH	5e-10	L	-0.09180036883643906	0.13897951809543158	-0.6605316387225021	0.5089127219609183
20	aMSH	5e-10	M	-0.3209340567595219	0.3386789375847872	-0.9476055967583669	0.34333027589380216
20	aMSH	5e-10	N	-0.8762468052828245	0.24754468396586263	-3.539752061101269	4.005031057164993e-4
20	aMSH	5e-10	P	-1.0304611865035742	0.21880242134631592	-4.709551110828804	2.4826295444619377e-6
20	aMSH	5e-10	Q	-0.9145713908488534	0.23386478909734454	-3.9106844359890776	9.203495120028353e-5
20	aMSH	5e-10	R	-1.1267382010668747	0.16387745854968447	-6.875492279649123	6.177615281892077e-12
20	aMSH	5e-10	S	-0.892936313914349	0.14393845480595677	-6.203598024712126	5.51866388487828e-10
20	aMSH	5e-10	T	-0.6944195451964682	0.16349522667556965	-4.247338343243706	2.1632514692458133e-5
20	aMSH	5e-10	V	-0.12328309692824363	0.1644667917539493	-0.7495926418549066	0.4535000838005358
20	aMSH	5e-10	W	-0.8152866545505404	0.31059440016735335	-2.6249238689147343	0.008666834331134438
20	aMSH	5e-10	Y	-1.4357395865038274	0.29413617739094755	-4.881207062793678	1.0543845937892402e-6
30	aMSH	5e-10	*	-1.5236392828717678	0.22773151259071692	-6.690507016523791	2.2239869498587842e-11
30	aMSH	5e-10	A	-0.5089104177025773	0.18426219649344058	-2.761881858499899	0.005746926939084881
30	aMSH	5e-10	C	-0.5893151732833444	0.27560183447278014	-2.138284654057875	0.03249364729179733
30	aMSH	5e-10	D	-0.7203001960159489	0.31284197351768867	-2.302441030903488	0.021310313323434596
30	aMSH	5e-10	F	0.33472513935995063	0.3056315290178236	1.0951917835035612	0.2734326245955435
30	aMSH	5e-10	G	-0.8301865364949161	0.16306935763539776	-5.091002678449909	3.5617499502404076e-7
30	aMSH	5e-10	H	-1.1233016509749094	0.32370898916545804	-3.470097181640989	5.202700854352619e-4
30	aMSH	5e-10	I	-0.021413949323040724	0.19702232199655229	-0.1086879349813746	0.9134500116504112
30	aMSH	5e-10	K	-0.8673004311419502	0.23975598308500592	-3.617429771645979	2.975430267236069e-4
30	aMSH	5e-10	L	-0.09174858184411891	0.13891045490188444	-0.6604872319288205	0.508941209442807
30	aMSH	5e-10	M	-0.32097223641147005	0.3385066065963653	-0.9482008036380715	0.34302723812432534
30	aMSH	5e-10	N	-0.8762379499963986	0.24743763478397815	-3.541247679486532	3.9823955409741584e-4
30	aMSH	5e-10	P	-0.8239927021530304	0.1909313882434292	-4.3156482008211015	1.5913524455641792e-5
30	aMSH	5e-10	Q	-0.9144267005310679	0.23375590908194097	-3.9118869940974372	9.157776390688855e-5
30	aMSH	5e-10	R	-1.1266841187484131	0.16381229844571132	-6.877897016516162	6.074255414011539e-12
30	aMSH	5e-10	S	-0.8929001732284376	0.14387265479242273	-6.206184034879319	5.428660264787907e-10
30	aMSH	5e-10	T	-0.6943970062031858	0.16342161199251798	-4.249113674358919	2.1461799558779045e-5
30	aMSH	5e-10	V	-0.12328183845216403	0.16438257109453377	-0.7499690364452728	0.4532733535409917
30	aMSH	5e-10	W	-0.8153021995453236	0.31044420024126695	-2.6262439398503745	0.008633292129071617
30	aMSH	5e-10	Y	-1.4355863180186308	0.2940142558708132	-4.88270990046623	1.0463775858667743e-6
40	aMSH	5e-10	*	-1.5236630639490745	0.2278455550652712	-6.687262621878179	2.2738361561894586e-11
40	aMSH	5e-10	A	-0.5089166747467897	0.18436573412082347	-2.7603647563558247	0.005773685799077808
40	aMSH	5e-10	C	-0.5892911436432703	0.27575342030868	-2.1370220647983778	0.032596197016619116
40	aMSH	5e-10	D	-0.7203454229539404	0.3130056242200907	-2.3013817235674576	0.02137006405120289
40	aMSH	5e-10	F	0.33474621286451123	0.3058201883076189	1.094585072087511	0.27369845846616797
40	aMSH	5e-10	G	-0.830210617670937	0.16315705472389178	-5.088413854220952	3.6107073213376487e-7
40	aMSH	5e-10	H	-1.1234101975742639	0.32386651034700026	-3.4687445650697524	5.228963567441283e-4
40	aMSH	5e-10	I	-0.02150396402245516	0.19713667847297167	-0.1090814971066049	0.9131378504774964
40	aMSH	5e-10	K	-0.8673428534574147	0.23988449772563133	-3.6156686308651795	2.9957338688118987e-4
40	aMSH	5e-10	L	-0.09180143804097488	0.13899225505591276	-0.6604788015277951	0.5089466177388654
40	aMSH	5e-10	M	-0.3209321888655666	0.3387093447471888	-0.9475150120381505	0.3433764102963046
40	aMSH	5e-10	N	-0.8762515141291881	0.24756812593849262	-3.5394359060054827	4.009831287517123e-4
40	aMSH	5e-10	P	-0.7373366396031898	0.1754907400767903	-4.201570061648552	2.6507018528765814e-5
40	aMSH	5e-10	Q	-0.9145696488803293	0.2338864147184669	-3.910315398101307	9.217568336212113e-5
40	aMSH	5e-10	R	-1.1267405699457465	0.16389304153866247	-6.874853010034276	6.20538100065709e-12
40	aMSH	5e-10	S	-0.8929372033418334	0.1439517528216552	-6.203031125630764	5.538587988614868e-10
40	aMSH	5e-10	T	-0.6944209515202946	0.16351046659026375	-4.2469510729268745	2.166992580882829e-5
40	aMSH	5e-10	V	-0.12328246171558598	0.16448167623960805	-0.7495209468560785	0.45354327824761276
40	aMSH	5e-10	W	-0.8152904372273779	0.3106225910773769	-2.6246978186602243	0.008672589797161727
40	aMSH	5e-10	Y	-1.4357470234832637	0.29416392252153173	-4.880771955908944	1.0567137976630222e-6
3	aMSH	5e-10	*	-1.523655883746623	0.22779938132101504	-6.68858657521763	2.2533632500375784e-11
3	aMSH	5e-10	A	-0.5089139727167913	0.1843249433383455	-2.760960961114376	0.0057631564848516685
3	aMSH	5e-10	C	-0.5892971886484261	0.2756933691342117	-2.1375094747438315	0.03255657591904338
3	aMSH	5e-10	D	-0.7203303496483655	0.3129396829234243	-2.3018184939639914	0.021345410158677337
3	aMSH	5e-10	F	0.33474001347158056	0.30574768136770863	1.0948243727448066	0.27359358650644433
3	aMSH	5e-10	G	-0.830204269644392	0.16312213823369756	-5.08946411954824	3.5907679096215024e-7
3	aMSH	5e-10	H	-1.1233794836684958	0.32380156669560034	-3.469345423904522	5.217281939543668e-4
3	aMSH	5e-10	I	-0.021478674844386418	0.1970919355555575	-0.10897794871131028	0.9132199805300375
3	aMSH	5e-10	K	-0.8673281913208387	0.23983320602043678	-3.6163807577459957	2.987508420513547e-4
3	aMSH	5e-10	L	-0.09178469902612282	0.13896042757409205	-0.6605096186623657	0.5089268479847655
3	aMSH	5e-10	M	-0.32094543708781037	0.33863107489248867	-0.9477731398091764	0.34324495738499045
3	aMSH	5e-10	N	-0.8762448550779041	0.24751568310236519	-3.5401589268810696	3.9988614527483796e-4
3	aMSH	5e-10	P	-0.5725046133278533	0.5260953719083693	-1.0882145023461016	0.276500423950917
3	aMSH	5e-10	Q	-0.914526844009501	0.23383494902959934	-3.910992979470054	9.191744429964323e-5
3	aMSH	5e-10	R	-1.1267220378273866	0.16386001916845416	-6.876125387664423	6.150237200432138e-12
3	aMSH	5e-10	S	-0.8929254032918266	0.1439204516068701	-6.204298230879109	5.494151127437002e-10
3	aMSH	5e-10	T	-0.6944128757720851	0.16347514272518535	-4.247819357707784	2.1586133298541865e-5
3	aMSH	5e-10	V	-0.12328260775873226	0.16444340432465024	-0.7496962755364951	0.45343765119716906
3	aMSH	5e-10	W	-0.8152920134889476	0.3105529550872423	-2.62529143623802	0.008657482987088475
3	aMSH	5e-10	Y	-1.435693896942034	0.2941033255034103	-4.881596950611109	1.0523016538136396e-6
5	aMSH	5e-10	*	-1.5236567752579886	0.22780503447706205	-6.6884245063135666	2.2558596703563544e-11
5	aMSH	5e-10	A	-0.5089143028061252	0.18432994304844685	-2.7608878643898285	0.005764446482506337
5	aMSH	5e-10	C	-0.5892964301195223	0.27570072789450795	-2.1374496709526505	0.03256143509196326
5	aMSH	5e-10	D	-0.7203322117648225	0.3129477578422875	-2.3017650509189447	0.021348425468165233
5	aMSH	5e-10	F	0.3347407844547984	0.305756577776108	1.0947950388819248	0.27360644040403537
5	aMSH	5e-10	G	-0.8302050639163729	0.16312641606906406	-5.08933552224235	3.593203622873022e-7
5	aMSH	5e-10	H	-1.1233833104219526	0.3238095121729632	-3.4692721127410744	5.218705918411952e-4
5	aMSH	5e-10	I	-0.02148182679679612	0.19709742129290336	-0.10899090741969839	0.9132097021992805
5	aMSH	5e-10	K	-0.8673299991986505	0.23983948945040753	-3.6162935519339965	2.98851455677926e-4
5	aMSH	5e-10	L	-0.09178677190267157	0.13896433068698436	-0.660505983434125	0.5089291800290738
5	aMSH	5e-10	M	-0.32094380011102536	0.33864067653498164	-0.9477414331762115	0.3432611024206206
5	aMSH	5e-10	N	-0.8762456647949195	0.24752210573596123	-3.540070339130176	4.00020401717059e-4
5	aMSH	5e-10	P	-0.41004174105821595	0.38809741912931595	-1.056543333831313	0.29072005388138694
5	aMSH	5e-10	Q	-0.9145321601842643	0.23384125693052119	-3.910910214000388	9.194895110847322e-5
5	aMSH	5e-10	R	-1.1267243286436648	0.16386406053430075	-6.875969782329506	6.156955144951702e-12
5	aMSH	5e-10	S	-0.8929268641807993	0.14392428747079097	-6.204143024588649	5.499575393896211e-10
5	aMSH	5e-10	T	-0.6944138726964989	0.16347947073653302	-4.2477129976499075	2.1596380814132328e-5
5	aMSH	5e-10	V	-0.12328259175990064	0.1644480992275118	-0.7496747748317891	0.45345060358507755
5	aMSH	5e-10	W	-0.8152918045533254	0.31056149361450136	-2.625218584134399	0.008659335713189711
5	aMSH	5e-10	Y	-1.4357004617947178	0.2941107445240815	-4.881496132070633	1.0528398876842098e-6
10	aMSH	5e-10	*	-1.5236465157136942	0.22778002754545681	-6.689113756515059	2.2452615320664237e-11
10	aMSH	5e-10	A	-0.5089132840709396	0.1843049052036742	-2.761257403911972	0.005757927584557964
10	aMSH	5e-10	C	-0.5893093005369463	0.2756647546247587	-2.137775289188231	0.0325349854996608
10	aMSH	5e-10	D	-0.7203156339500696	0.3129112161671238	-2.3019808710383645	0.021336250958774332
10	aMSH	5e-10	F	0.3347313664607361	0.3057071973753485	1.094941072158506	0.2735424537113109
10	aMSH	5e-10	G	-0.8301927664700118	0.1631059668225424	-5.08989819712269	3.582557971970159e-7
10	aMSH	5e-10	H	-1.1233322079721144	0.3237773921043069	-3.469458446963542	5.21508731559195e-4
10	aMSH	5e-10	I	-0.021439063823241854	0.19706913938782805	-0.10878955421350987	0.9133694091719207
10	aMSH	5e-10	K	-0.8673155149042547	0.23980977756489136	-3.6166812033740507	2.9840444605995633e-4
10	aMSH	5e-10	L	-0.09176556927526676	0.1389437290510003	-0.6604513201281904	0.5089642478975442
10	aMSH	5e-10	M	-0.32095869885206857	0.33858833772194313	-0.947931937087708	0.34316410501970046
10	aMSH	5e-10	N	-0.8762451102752943	0.24749268405297456	-3.5404889386053062	3.993863765774725e-4
10	aMSH	5e-10	P	-0.5449643767873451	0.30893733458343053	-1.7639964995560418	0.0777325685367869
10	aMSH	5e-10	Q	-0.9144697128166528	0.23380982531970038	-3.911168880804092	9.185051678521675e-5
10	aMSH	5e-10	R	-1.1267030371328255	0.16384704312092022	-6.876553983957532	6.13177054797911e-12
10	aMSH	5e-10	S	-0.8929121651782683	0.1439054485952281	-6.204853074672791	5.474802685714719e-10
10	aMSH	5e-10	T	-0.6944052836339986	0.1634586406777037	-4.248201751556092	2.1549328865977283e-5
10	aMSH	5e-10	V	-0.12328162781458113	0.16442253687344333	-0.7497854622537024	0.45338392584055737
10	aMSH	5e-10	W	-0.8153009548050442	0.3105170221752418	-2.6256240288976014	0.00864902921266923
10	aMSH	5e-10	Y	-1.4356406111689604	0.29407794374774426	-4.881837083302078	1.0510207382402158e-6
20	aMSH	5e-10	*	-1.523670088028185	0.22784294214656156	-6.687370140471912	2.27216677498924e-11
20	aMSH	5e-10	A	-0.508915996979395	0.18436686700379654	-2.7603441184956257	0.005774050585806935
20	aMSH	5e-10	C	-0.5892802886673255	0.2757540524770501	-2.1369778009567746	0.032599797227487216
20	aMSH	5e-10	D	-0.7203543643306157	0.3130028620172751	-2.3014305993497857	0.021367303982663115
20	aMSH	5e-10	F	0.334752913506325	0.305827894460388	1.0945794009306222	0.2737009441471147
20	aMSH	5e-10	G	-0.8302205944562218	0.1631568762098756	-5.088480570002296	3.609437542126944e-7
20	aMSH	5e-10	H	-1.1234486728921627	0.3238592634618699	-3.468940986535757	5.225142150259594e-4
20	aMSH	5e-10	I	-0.021536458163965776	0.1971388687378847	-0.10924511387249865	0.9130080787152335
20	aMSH	5e-10	K	-0.8673496555978027	0.23988385303315765	-3.6157067040186086	2.9952935672918014e-4
20	aMSH	5e-10	L	-0.09181464701037906	0.1389943807946882	-0.6605637327598198	0.5088921337776326
20	aMSH	5e-10	M	-0.3209239289419089	0.338716536216769	-0.9474705088992958	0.34339907700123296
20	aMSH	5e-10	N	-0.8762475620680535	0.24756634985874756	-3.5394453348284562	4.009688050554761e-4
20	aMSH	5e-10	P	-0.7443892975459119	0.22142129600116248	-3.3618685780883686	7.741696014949994e-4
20	aMSH	5e-10	Q	-0.9146130511645278	0.23388764454579145	-3.9104804058405973	9.211273275252406e-5
20	aMSH	5e-10	R	-1.1267526475349643	0.16389015804749332	-6.8750476597163654	6.196913757735464e-12
20	aMSH	5e-10	S	-0.892946221942921	0.14395218425562428	-6.203075184724286	5.537036985572397e-10
20	aMSH	5e-10	T	-0.694425411281978	0.1635104521727939	-4.246978722486353	2.1667252763749575e-5
20	aMSH	5e-10	V	-0.1232836932224164	0.1644851576143521	-0.749512570073127	0.4535483252016811
20	aMSH	5e-10	W	-0.8152808519392252	0.31062654327079237	-2.624633565936104	0.008674226359279346
20	aMSH	5e-10	Y	-1.435780257167981	0.29416046208113406	-4.880942350342006	1.0558010568983413e-6
30	aMSH	5e-10	*	-1.5236509867455785	0.22779206907488556	-6.688779784710967	2.2503906911020905e-11
30	aMSH	5e-10	A	-0.5089138080580596	0.18431674426148204	-2.761082885318797	0.005761005367947331
30	aMSH	5e-10	C	-0.5893038104709268	0.27568182195239427	-2.1376230260575175	0.032547351365894935
30	aMSH	5e-10	D	-0.7203229989192281	0.31292875052232394	-2.3018754196183746	0.021342198764875416
30	aMSH	5e-10	F	0.33473545683450917	0.3057302290613543	1.0948719655959638	0.2735727325235775
30	aMSH	5e-10	G	-0.8301980350977937	0.1631156998050615	-5.089626786936867	3.58768917048492e-7
30	aMSH	5e-10	H	-1.1233542749116074	0.32379308119138644	-3.4693584890024844	5.217028204162491e-4
30	aMSH	5e-10	I	-0.0214575117232816	0.19708245525940168	-0.10887580883361246	0.9133009943160834
30	aMSH	5e-10	K	-0.8673220075781433	0.23982394166508791	-3.616494673368979	2.9861945979222575e-4
30	aMSH	5e-10	L	-0.09177488487931437	0.13895339957482247	-0.6604723969340254	0.5089507264531284
30	aMSH	5e-10	M	-0.32095209371522326	0.3386128056404041	-0.947843933746747	0.3432089108224858
30	aMSH	5e-10	N	-0.8762456038271434	0.24750677629435663	-3.540289348623877	3.996885652212847e-4
30	aMSH	5e-10	P	-0.7897571947831541	0.1924295099142989	-4.10413764050474	4.058258080895392e-5
30	aMSH	5e-10	Q	-0.9144968876508681	0.2338246908239501	-3.9110364454171593	9.190090195073442e-5
30	aMSH	5e-10	R	-1.1267124606794072	0.16385530035649382	-6.876264962000382	6.144217474005137e-12
30	aMSH	5e-10	S	-0.8929186315968709	0.14391438015558852	-6.204512923805946	5.486656481832487e-10
30	aMSH	5e-10	T	-0.6944091090072294	0.16346854539307695	-4.247967750232629	2.1571843797469892e-5
30	aMSH	5e-10	V	-0.12328201442871764	0.16443448901953192	-0.7497333142445192	0.45341533894306124
30	aMSH	5e-10	W	-0.8152971597273323	0.31053793763707993	-2.6254349659530334	0.008653833871730259
30	aMSH	5e-10	Y	-1.4356671426140832	0.2940937341248299	-4.881665183674758	1.0519375323426388e-6
40	aMSH	5e-10	*	-1.523651656929487	0.2277651359585549	-6.6895736720949985	2.238216849660303e-11
40	aMSH	5e-10	A	-0.5089118900832418	0.18429520081824388	-2.76139523885455	0.005755497796518377
40	aMSH	5e-10	C	-0.5893000137720638	0.2756494286537489	-2.137860457938044	0.03252807037772495
40	aMSH	5e-10	D	-0.7203206171732368	0.31289091964750043	-2.302146121673145	0.02132693318437637
40	aMSH	5e-10	F	0.3347364579503944	0.30569565627669404	1.0949990655000172	0.2735170458881772
40	aMSH	5e-10	G	-0.8302010917344766	0.16309650742039708	-5.090244450143575	3.5760220992352404e-7
40	aMSH	5e-10	H	-1.1233626576409559	0.32375285926673386	-3.469815402357385	5.208161786646141e-4
40	aMSH	5e-10	I	-0.021464942574437575	0.1970594373801568	-0.10892623494620318	0.9132609979709277
40	aMSH	5e-10	K	-0.8673184450176912	0.23979549859318464	-3.6169087831340203	2.9814231051660667e-4
40	aMSH	5e-10	L	-0.09177437903209992	0.13893739926166074	-0.6605448174487655	0.5089042678133726
40	aMSH	5e-10	M	-0.32095393015866047	0.33857474722734743	-0.9479559027571101	0.34315190384572747
40	aMSH	5e-10	N	-0.8762393846304302	0.24747696545514133	-3.540690678095699	3.990811504010079e-4
40	aMSH	5e-10	P	-0.845329948177357	0.1748633030407547	-4.8342329892987275	1.3365997138123865e-6
40	aMSH	5e-10	Q	-0.9145018811943317	0.23379736663541129	-3.911514891527525	9.171899978932557e-5
40	aMSH	5e-10	R	-1.1267102343494537	0.16383537298364437	-6.877087736492246	6.108849060799968e-12
40	aMSH	5e-10	S	-0.892918084110996	0.14389756102402623	-6.205234319168951	5.461546533316536e-10
40	aMSH	5e-10	T	-0.6944076133740589	0.1634492381083726	-4.248460386910106	2.1524469745484026e-5
40	aMSH	5e-10	V	-0.12328289807193846	0.16441585686815471	-0.7498236509559973	0.45336092237384473
40	aMSH	5e-10	W	-0.8152917493679473	0.3105024790510153	-2.6257173593580085	0.008646658283613029
40	aMSH	5e-10	Y	-1.4356598542519752	0.2940583579189748	-4.882227678927456	1.048940428481686e-6
3	aMSH	5e-10	*	-1.5236545992501382	0.22780009961549708	-6.688559846206868	2.2537747827016397e-11
3	aMSH	5e-10	A	-0.5089141127544032	0.18432493169917238	-2.7609618951872275	0.00576314000218905
3	aMSH	5e-10	C	-0.5892991983205942	0.2756935465392977	-2.137515388799987	0.03255609542436889
3	aMSH	5e-10	D	-0.720328741639923	0.312940526895418	-2.3018071477864246	0.02134605029022864
3	aMSH	5e-10	F	0.33473878300835735	0.3057465916803433	1.0948242502677683	0.2735936401741846
3	aMSH	5e-10	G	-0.8302024263932125	0.16312234395158323	-5.089446401282874	3.591103409946072e-7
3	aMSH	5e-10	H	-1.1233724059324255	0.32380324777670505	-3.469305554053936	5.218056317259634e-4
3	aMSH	5e-10	I	-0.02147269560696997	0.19709174500244217	-0.10894771674330603	0.9132439593779693
3	aMSH	5e-10	K	-0.8673269853836618	0.23983358003080563	-3.616370089927596	2.9876314833388273e-4
3	aMSH	5e-10	L	-0.09178229932261449	0.13896018540225988	-0.6604935007601239	0.5089371878629383
3	aMSH	5e-10	M	-0.3209469238464271	0.33863011046184033	-0.9477802296101311	0.34324134732066325
3	aMSH	5e-10	N	-0.8762456289507528	0.2475162752158238	-3.5401535845944	3.998942404202115e-4
3	aMSH	5e-10	P	-0.6498771115525246	0.5223224461787476	-1.2442067468226814	0.21342348128607494
3	aMSH	5e-10	Q	-0.9145189018083579	0.23383497216226906	-3.910958627581722	9.193051999315495e-5
3	aMSH	5e-10	R	-1.1267198595572545	0.1638607234970599	-6.876082538336106	6.1520864161308655e-12
3	aMSH	5e-10	S	-0.8929237662964971	0.14392052498269256	-6.20428369340563	5.494658972343963e-10
3	aMSH	5e-10	T	-0.6944120775436073	0.163475319601934	-4.247809878790975	2.1587046379673138e-5
3	aMSH	5e-10	V	-0.12328237629760803	0.16444293928312206	-0.7496969881166639	0.45343722193040603
3	aMSH	5e-10	W	-0.8152938073065793	0.31055255624669	-2.625300584094835	0.008657250369935978
3	aMSH	5e-10	Y	-1.4356879128387452	0.294104274338005	-4.881560854803332	1.0524943258876536e-6
5	aMSH	5e-10	*	-1.5236586685955913	0.22780905392032094	-6.6883148074023	2.2575509484684354e-11
5	aMSH	5e-10	A	-0.5089144489330738	0.18433408088169573	-2.760826682178709	0.005765526415164837
5	aMSH	5e-10	C	-0.589293993019458	0.27570664282987567	-2.1373949752203862	0.03256587976913839
5	aMSH	5e-10	D	-0.7203351972682799	0.31295366329782404	-2.301731156227972	0.021350338032404
5	aMSH	5e-10	F	0.33474252912844216	0.30576490397381845	1.0947709327591926	0.2736170038507436
5	aMSH	5e-10	G	-0.8302073805309634	0.16312976214721828	-5.089245332079462	3.594912832169761e-7
5	aMSH	5e-10	H	-1.1233928471022987	0.32381455663139674	-3.469247518668763	5.219183709047759e-4
5	aMSH	5e-10	I	-0.021489816954089906	0.19710212206123018	-0.10902884621107252	0.913179610746266
5	aMSH	5e-10	K	-0.8673325781783606	0.23984433952832632	-3.6162311767875854	2.989234404131449e-4
5	aMSH	5e-10	L	-0.09179064530197326	0.13896777122269074	-0.6605175034064705	0.5089217898422117
5	aMSH	5e-10	M	-0.32094110913443996	0.3386494721041926	-0.9477088717731581	0.34327768321062424
5	aMSH	5e-10	N	-0.8762456354579169	0.2475268741060023	-3.5400020245182287	4.0012396258394414e-4
5	aMSH	5e-10	P	-0.30281282850694263	0.4022697082387217	-0.7527607033419536	0.45159372477976806
5	aMSH	5e-10	Q	-0.9145437057453554	0.2338464442737095	-3.9108728318952437	9.196318491381037e-5
5	aMSH	5e-10	R	-1.1267281824012216	0.1638667621521583	-6.875879938086525	6.1608372622326125e-12
5	aMSH	5e-10	S	-0.8929295450382116	0.1439273880114012	-6.20402799894818	5.503598767937757e-10
5	aMSH	5e-10	T	-0.6944154148936865	0.1634828842059969	-4.247633740169931	2.1604020077641347e-5
5	aMSH	5e-10	V	-0.12328278730018928	0.1644523940659326	-0.7496563853656183	0.4534616818759532
5	aMSH	5e-10	W	-0.8152900158196015	0.31056890177259405	-2.6251502039202115	0.008661075035592504
5	aMSH	5e-10	Y	-1.4357112727635704	0.29411601469127163	-4.881445419660711	1.0531107231210317e-6
10	aMSH	5e-10	*	-1.5236491681253843	0.2277941948941253	-6.6887093801207245	2.2514734321349788e-11
10	aMSH	5e-10	A	-0.5089140828452152	0.18431762751536857	-2.7610711449873757	0.005761212471894751
10	aMSH	5e-10	C	-0.5893067704904246	0.2756834219599059	-2.1376213567754196	0.03254748695693027
10	aMSH	5e-10	D	-0.7203208548513607	0.3129315068447093	-2.3018482929838586	0.0213437290295547
10	aMSH	5e-10	F	0.33473369831930266	0.30573015382302904	1.0948664831832788	0.27357513472268635
10	aMSH	5e-10	G	-0.830195337981703	0.16311678825339002	-5.089576289916003	3.58864463414703e-7
10	aMSH	5e-10	H	-1.1233440580400547	0.32379710690462365	-3.4692838017571983	5.218478849430334e-4
10	aMSH	5e-10	I	-0.021448866876059368	0.19708315462079687	-0.10883155852324689	0.913336092397567
10	aMSH	5e-10	K	-0.8673204746961725	0.23982565095672748	-3.616462506142289	2.986565537228562e-4
10	aMSH	5e-10	L	-0.0917715601283706	0.1389537315664013	-0.6604468918815329	0.508967088783199
10	aMSH	5e-10	M	-0.3209540901142407	0.33861305083959686	-0.9478491431987915	0.34320625839091395
10	aMSH	5e-10	N	-0.8762469408841529	0.247508846255653	-3.540265142600493	3.9972522880309276e-4
10	aMSH	5e-10	P	-0.4618651948554491	0.2889733895802136	-1.5982966304488877	0.10997697696205264
10	aMSH	5e-10	Q	-0.9144856079460078	0.23382587118301634	-3.9109684626396053	9.192677619989502e-5
10	aMSH	5e-10	R	-1.1267095165031422	0.1638571153051112	-6.876170829720427	6.148276687572902e-12
10	aMSH	5e-10	S	-0.8929163718137741	0.14391518536036238	-6.204462507399197	5.488415554978215e-10
10	aMSH	5e-10	T	-0.6944080584622022	0.16346959824957277	-4.247933963855673	2.157509647449661e-5
10	aMSH	5e-10	V	-0.12328165537275365	0.1644346187995304	-0.7497305389387124	0.4534170107760259
10	aMSH	5e-10	W	-0.8152998866588853	0.31053886228917227	-2.6254359298182846	0.008653809370961238
10	aMSH	5e-10	Y	-1.4356591024585377	0.2940965392971271	-4.881591282541699	1.0523319065673954e-6
20	aMSH	5e-10	*	-1.5236610236815753	0.22780768029572027	-6.688365474349636	2.2567696388367948e-11
20	aMSH	5e-10	A	-0.5089141877418102	0.18433405669126596	-2.760825627540824	0.005765545032271453
20	aMSH	5e-10	C	-0.5892903024864977	0.27570624897708784	-2.137384642795926	0.03256671945956569
20	aMSH	5e-10	D	-0.7203381367088687	0.3129520361770725	-2.3017525161628654	0.021349132745210733
20	aMSH	5e-10	F	0.33474478433737537	0.3057668278086642	1.0947714202236625	0.27361679023814484
20	aMSH	5e-10	G	-0.8302107645681623	0.16312934410765179	-5.089279118417177	3.5942724495686384e-7
20	aMSH	5e-10	H	-1.1234058336713162	0.32381138610416627	-3.469321592385049	5.21774479766621e-4
20	aMSH	5e-10	I	-0.02150078972554539	0.19710241748191654	-0.10908435320189827	0.9131355851609267
20	aMSH	5e-10	K	-0.8673347799844211	0.23984359344251754	-3.6162516060379666	2.988998620201367e-4
20	aMSH	5e-10	L	-0.09179504082282267	0.13896817933149966	-0.660547193353174	0.5089027436794895
20	aMSH	5e-10	M	-0.32093838911518	0.33865115892739805	-0.9476961193095595	0.3432841771095784
20	aMSH	5e-10	N	-0.8762442028439134	0.24752572596032726	-3.5400126570454153	4.0010784266280295e-4
20	aMSH	5e-10	P	-0.7752762748387504	0.21621672099069097	-3.58564440014854	3.3624688389929377e-4
20	aMSH	5e-10	Q	-0.9145582701863157	0.23384633452997458	-3.9109369493627324	9.193877248872393e-5
20	aMSH	5e-10	R	-1.126732168629763	0.16386542747788999	-6.875960267957015	6.157366141903968e-12
20	aMSH	5e-10	S	-0.8929325428481864	0.14392721712617285	-6.204056193662127	5.502612305820223e-10
20	aMSH	5e-10	T	-0.6944168741999395	0.16348251896893093	-4.24765215620338	2.1602244811612277e-5
20	aMSH	5e-10	V	-0.12328321383068477	0.16445320701478464	-0.7496552731841916	0.4534623518877581
20	aMSH	5e-10	W	-0.8152867178993272	0.31056955769053557	-2.625134040702446	0.008661486209598711
20	aMSH	5e-10	Y	-1.4357222202387026	0.2941141933508451	-4.881512870499411	1.0527505089029536e-6
30	aMSH	5e-10	*	-1.5236715215517644	0.22781992125775427	-6.6880521823545465	2.2616050035195727e-11
30	aMSH	5e-10	A	-0.5089142958305074	0.1843488505795147	-2.7606046592137488	0.005769446894697296
30	aMSH	5e-10	C	-0.5892757498736403	0.27572683039048124	-2.1371723202965582	0.032583978487109096
30	aMSH	5e-10	D	-0.720353455891194	0.31297063905960487	-2.3016646483378387	0.021354091284240827
30	aMSH	5e-10	F	0.33475458057216056	0.30579970773451026	1.0946857439863493	0.27365433631229336
30	aMSH	5e-10	G	-0.8302244020954672	0.16314067949624356	-5.089009097296201	3.599393478599685e-7
30	aMSH	5e-10	H	-1.1234604837150048	0.3238244713146021	-3.4693501672501452	5.217189818383363e-4
30	aMSH	5e-10	I	-0.02154673055304786	0.19711973970075167	-0.10930782774854536	0.91295833815481
30	aMSH	5e-10	K	-0.8673474914138887	0.23985980262250975	-3.6160602232251318	2.9912081453712817e-4
30	aMSH	5e-10	L	-0.09181584846890686	0.1389811583953133	-0.6606352222777492	0.5088462751363745
30	aMSH	5e-10	M	-0.320924459253397	0.3386853489093394	-0.9475593210242564	0.3433538434283822
30	aMSH	5e-10	N	-0.8762418291442876	0.24754100719622513	-3.539784535374751	4.0045382995460867e-4
30	aMSH	5e-10	P	-0.9799326173844533	0.1918489226492803	-5.1078348726298115	3.258712346898425e-7
30	aMSH	5e-10	Q	-0.9146226153903104	0.23386476765313854	-3.910903829459477	9.195138197222063e-5
30	aMSH	5e-10	R	-1.126752261081634	0.16387300808296829	-6.87576480265233	6.165815704276581e-12
30	aMSH	5e-10	S	-0.8929468722989172	0.1439380628425148	-6.2036882716415755	5.515498547235823e-10
30	aMSH	5e-10	T	-0.6944247006689657	0.1634941788031587	-4.247397098492594	2.1626844187665545e-5
30	aMSH	5e-10	V	-0.12328459101796654	0.16446988444913369	-0.7495876307744066	0.4535031027759942
30	aMSH	5e-10	W	-0.8152751118020299	0.3105971470649482	-2.624863491201192	0.008668371273995452
30	aMSH	5e-10	Y	-1.4357782091647886	0.294130220865212	-4.881437225121957	1.0531544932868775e-6
40	aMSH	5e-10	*	-1.523655783954945	0.22779497361636666	-6.6887155575300765	2.251378410328235e-11
40	aMSH	5e-10	A	-0.5089136735676697	0.1843213210126572	-2.7610135971883745	0.005762227734242972
40	aMSH	5e-10	C	-0.5892968831361691	0.2756879542809943	-2.137550349898602	0.03255325509153887
40	aMSH	5e-10	D	-0.7203296833301995	0.31293346422737894	-2.301862107041402	0.0213429497405421
40	aMSH	5e-10	F	0.33473997804534306	0.30574169084225444	1.0948457082290752	0.2735842377028329
40	aMSH	5e-10	G	-0.8302044783637527	0.1631189462068742	-5.089564993332246	3.588858412554205e-7
40	aMSH	5e-10	H	-1.1233797214097192	0.32379507857899437	-3.469415675926201	5.215917720509583e-4
40	aMSH	5e-10	I	-0.02147893441176301	0.19708802791401478	-0.10898142641689937	0.9132172221512148
40	aMSH	5e-10	K	-0.8673273932061522	0.23982848714308944	-3.6164485859791817	2.986726072235959e-4
40	aMSH	5e-10	L	-0.09178421701036323	0.13895769566693952	-0.6605191354810319	0.5089207428532754
40	aMSH	5e-10	M	-0.3209459916373335	0.3386245189658426	-0.9477931267868634	0.34323478025383763
40	aMSH	5e-10	N	-0.8762439379626488	0.2475107713069418	-3.5402254751814644	3.9978531773569685e-4
40	aMSH	5e-10	P	-1.0085637158678205	0.1758112225038136	-5.736628762967297	9.657963025911285e-9
40	aMSH	5e-10	Q	-0.91452636932774245	0.2338303462387434	-3.9110679346726056	9.18889194693199e-5
40	aMSH	5e-10	R	-1.1267213034094983	0.1638567842556662	-6.876256656248496	6.144575532611884e-12
40	aMSH	5e-10	S	-0.8929250404843184	0.1439176358936254	-6.20441709551365	5.490000487040601e-10
40	aMSH	5e-10	T	-0.6944124924082175	0.16347192694674714	-4.247900574600985	2.1578311378493752e-5
40	aMSH	5e-10	V	-0.1232827179690819	0.16444019623812928	-0.7497115716801603	0.4534284366687963
40	aMSH	5e-10	W	-0.8152914011677239	0.31054693004917416	-2.6253403987559145	0.008656238004083654
40	aMSH	5e-10	Y	-1.4356916822471795	0.29409752580902837	-4.881685686738632	1.0518281427219487e-6
3	aMSH	5e-10	*	-1.5236526635276961	0.22779473756796148	-6.688708790180552	2.2514825068856658e-11
3	aMSH	5e-10	A	-0.508913875989472	0.1843196850863064	-2.7610392007298445	0.005761776014830039
3	aMSH	5e-10	C	-0.5893015601585396	0.2756859760414465	-2.137582653351741	0.03255063086157501
3	aMSH	5e-10	D	-0.7203255362602355	0.31293272588260235	-2.3018542858648408	0.021343390951598398
3	aMSH	5e-10	F	0.33473701521191407	0.30573642243720045	1.0948548836397483	0.2735802172794547
3	aMSH	5e-10	G	-0.8302001568617489	0.1631180229848073	-5.089567306361193	3.5888146394136654e-7
3	aMSH	5e-10	H	-1.1233628775054432	0.32379623458255113	-3.4693512694911965	5.217168411827102e-4
3	aMSH	5e-10	I	-0.021464731149703948	0.19708584921389613	-0.10891056478848668	0.9132734270045837
3	aMSH	5e-10	K	-0.8673241509547273	0.23982728927150826	-3.6164531300390523	2.986673666739912e-4
3	aMSH	5e-10	L	-0.09177825628458539	0.1389559076026162	-0.6604847384182566	0.5089428090840191
3	aMSH	5e-10	M	-0.320949798214664	0.3386193001201385	-0.9478189757665746	0.34322161854691935
3	aMSH	5e-10	N	-0.8762453837851819	0.24751000874518894	-3.5402422238499245	3.9975994551677953e-4
3	aMSH	5e-10	P	-0.661863538728641	0.5544599743002088	-1.193708417932219	0.2325920464856192
3	aMSH	5e-10	Q	-0.9145071393564844	0.23382838123358476	-3.9110185621262543	9.190770766550585e-5
3	aMSH	5e-10	R	-1.1267157608720557	0.16385703885668695	-6.876212146476702	6.146494684709808e-12
3	aMSH	5e-10	S	-0.8929209590819159	0.1439165637777799	-6.204434956219953	5.489377072592168e-10
3	aMSH	5e-10	T	-0.6944104106435784	0.16347092359537727	-4.247913912582894	2.1577027068378033e-5
3	aMSH	5e-10	V	-0.12328221273500867	0.16443765847083006	-0.7497200694868685	0.4534233175626787
3	aMSH	5e-10	W	-0.8152954252273226	0.31054330058076357	-2.6253840404948203	0.00865512844883019
3	aMSH	5e-10	Y	-1.4356763683525866	0.2940972413535627	-4.881638337527353	1.0520807806550663e-6
5	aMSH	5e-10	*	-1.5236554863316114	0.22779617499198218	-6.688678975339424	2.251941180114721e-11
5	aMSH	5e-10	A	-0.5089137778948714	0.18432215780689926	-2.761001628616039	0.0057624389049088075
5	aMSH	5e-10	C	-0.5892974557933708	0.27568925411402306	-2.137542348856447	0.032553905098798214
5	aMSH	5e-10	D	-0.7203294363008399	0.31293511706152805	-2.3018491598666175	0.02134368012558324
5	aMSH	5e-10	F	0.3347396790231425	0.3057428075646894	1.0948407312977195	0.27358641848001086
5	aMSH	5e-10	G	-0.8302039696974192	0.16311973801173071	-5.089537169546675	3.5893850068657523e-7
5	aMSH	5e-10	H	-1.1233778989324776	0.32379700674790257	-3.469389387552621	5.216428173643063e-4
5	aMSH	5e-10	I	-0.021477381166922622	0.1970888911799022	-0.10897306813359726	0.9132238516134263
5	aMSH	5e-10	K	-0.8673272771096964	0.23982967497201227	-3.6164301903461777	2.986938233230586e-4
5	aMSH	5e-10	L	-0.09178372954327021	0.138958270344307	-0.6605128958200976	0.5089247456519589
5	aMSH	5e-10	M	-0.32094623431740166	0.3386257982611146	-0.9477902627782652	0.343236238561095
5	aMSH	5e-10	N	-0.8762443438464588	0.24751205779167976	-3.5402087141304284	3.9981071021886317e-4
5	aMSH	5e-10	P	-0.5810417885837914	0.41297928291154706	-1.4069514201472435	0.15944179452216287
5	aMSH	5e-10	Q	-0.9145244961362842	0.23383142827261422	-3.911041825695383	9.189885451028105e-5
5	aMSH	5e-10	R	-1.1267209297418779	0.16385771166467672	-6.876215457272057	6.146351911119944e-12
5	aMSH	5e-10	S	-0.8929247158309227	0.14391830779739562	-6.204385873463426	5.491090435044871e-10
5	aMSH	5e-10	T	-0.6944123819618815	0.16347271684108972	-4.247879373271279	2.1580352997682537e-5
5	aMSH	5e-10	V	-0.12328263461119127	0.164440823783056	-0.7497082036869139	0.45343046556779487
5	aMSH	5e-10	W	-0.815291991039437	0.3105482272559861	-2.6253313317657057	0.008656468540789091
5	aMSH	5e-10	Y	-1.4356907014465066	0.2940991144607284	-4.881655982130531	1.0519866287323498e-6
10	aMSH	5e-10	*	-1.5236587509317883	0.227807955937532	-6.688347404994038	2.2570482469497602e-11
10	aMSH	5e-10	A	-0.5089143668819844	0.18433322816295453	-2.760839008537805	0.005765308826828596
10	aMSH	5e-10	C	-0.58929375543695	0.27570535206443425	-2.1374041201029277	0.03256513660275745
10	aMSH	5e-10	D	-0.7203351726807616	0.31295212813989587	-2.3017423685924174	0.021349705339600168
10	aMSH	5e-10	F	0.3347426221183837	0.30576358195713216	1.094775970296274	0.2736147963489178
10	aMSH	5e-10	G	-0.8302075815998611	0.16312899288980065	-5.089270563698602	3.594434584371436e-7
10	aMSH	5e-10	H	-1.1233934862987787	0.3238128886746719	-3.4692673626942283	5.218798194703279e-4
10	aMSH	5e-10	I	-0.02149037081324519	0.19710121642633732	-0.10903215719765379	0.9131769846169268
10	aMSH	5e-10	K	-0.8673324894538447	0.23984319655267886	-3.6162480400537227	2.989039775707682e-4
10	aMSH	5e-10	L	-0.09179072941419548	0.13896714717421715	-0.6605210748056978	0.5089194987623973
10	aMSH	5e-10	M	-0.32094111733127095	0.33864800649890237	-0.9477129974846351	0.3432755823036926
10	aMSH	5e-10	N	-0.8762453555199078	0.24752566774835225	-3.540018146363493	4.0009952057267726e-4
10	aMSH	5e-10	P	-0.4181867081478811	0.2882123812820331	-1.4509671870711909	0.14678899741467044
10	aMSH	5e-10	Q	-0.9145442483143318	0.23384535680054389	-3.910893339201015	9.195537618743885e-5
10	aMSH	5e-10	R	-1.1267281888048728	0.16386594157992795	-6.875914408701548	6.1593475235263085e-12
10	aMSH	5e-10	S	-0.8929295944062834	0.14392671830259343	-6.204057210065586	5.502576747642181e-10
10	aMSH	5e-10	T	-0.6944153903180496	0.16348211173820137	-4.247653660298195	2.1602099826240035e-5
10	aMSH	5e-10	V	-0.12328283235819411	0.16445167633422622	-0.7496599311498541	0.45345954579177666
10	aMSH	5e-10	W	-0.8152897237355633	0.3105675147030314	-2.6251609879904976	0.008660800710726436
10	aMSH	5e-10	Y	-1.4357112438503123	0.2941145689814887	-4.881469315927273	1.052983094018011e-6
20	aMSH	5e-10	*	-1.5236577181875068	0.22779235365025097	-6.68880097936434	2.250064841727257e-11
20	aMSH	5e-10	A	-0.5089133556224195	0.1843200902346142	-2.761030308604138	0.005761932893640775
20	aMSH	5e-10	C	-0.5892936978812882	0.2756858161863924	-2.1375553738421718	0.03255284695041573
20	aMSH	5e-10	D	-0.7203319172121132	0.31293002769960937	-2.301894524176442	0.02134112109802093
20	aMSH	5e-10	F	0.3347418510910536	0.30574129606301564	1.0948532481593873	0.2735809339009305
20	aMSH	5e-10	G	-0.830207375258422	0.16311753110324623	-5.089626906705308	3.5876869046155274e-7
20	aMSH	5e-10	H	-1.1233906501801485	0.3237902697853194	-3.469500954815545	5.21426214253149e-4
20	aMSH	5e-10	I	-0.02148818750208068	0.19708697770527933	-0.10902895641443022	0.9131795233377807
20	aMSH	5e-10	K	-0.8673289659145885	0.23982628785658935	-3.616488307708918	2.9862680006866624e-4
20	aMSH	5e-10	L	-0.09178772815716749	0.13895712688212813	-0.6605471069866564	0.5089027990832488
20	aMSH	5e-10	M	-0.32094390462308714	0.3386237376035285	-0.9477891505611417	0.34323680488528824
20	aMSH	5e-10	N	-0.8762424351429964	0.24750817076536794	-3.540256600149391	3.9973816835148836e-4
20	aMSH	5e-10	P	-0.5312084715754256	0.21734986172507417	-2.444024888533636	0.014524424519216875
20	aMSH	5e-10	Q	-0.9145383774653976	0.2338287329224481	-3.911146273750345	9.185911581258172e-5
20	aMSH	5e-10	R	-1.1267243882709497	0.16385459125918234	-6.876367513490767	6.139798192968316e-12
20	aMSH	5e-10	S	-0.8929274239264645	0.14391655368142528	-6.204480312272173	5.48779426431907e-10
20	aMSH	5e-10	T	-0.6944135834405646	0.1634705476409271	-4.247943091044668	2.1574217737101045e-5
20	aMSH	5e-10	V	-0.12328311089182516	0.16443980313296466	-0.7497157533820412	0.4534259175940456
20	aMSH	5e-10	W	-0.8152884411063046	0.31054546458357885	-2.6253432559369467	0.00865616535872099
20	aMSH	5e-10	Y	-1.4357000883823283	0.2940940792820178	-4.8817714790020705	1.0513705355711782e-6
30	aMSH	5e-10	*	-1.5236417482405222	0.22776662338886192	-6.689486482131474	2.2395507034065158e-11
30	aMSH	5e-10	A	-0.5089126852050916	0.1842918243649165	-2.7614501454898663	0.0057545301464833705
30	aMSH	5e-10	C	-0.5893150954483373	0.2756458704048707	-2.1379427690418393	0.03252138847349693
30	aMSH	5e-10	D	-0.7203077094139834	0.3128917250705741	-2.3020989425383966	0.0213295930518664
30	aMSH	5e-10	F	0.3347270100032101	0.3056818947778918	1.095017453508074	0.2735089901406173
30	aMSH	5e-10	G	-0.8301871935628767	0.16309518310754864	-5.090200567207633	3.576849796320174e-7
30	aMSH	5e-10	H	-1.1233087798420724	0.3237598208927004	-3.469574379998056	5.212837081142462e-4
30	aMSH	5e-10	I	-0.02141948837652156	0.19705444440718367	-0.10869832670336213	0.9134417690895853
30	aMSH	5e-10	K	-0.8673085028148639	0.23979407443603926	-3.61688880283905	2.9816531598683325e-4
30	aMSH	5e-10	L	-0.09175559894209191	0.13893307345249897	-0.6604302104744197	0.5089777906036231
30	aMSH	5e-10	M	-0.3209657970849895	0.33856143096621955	-0.9480282386832608	0.3431150785470187
30	aMSH	5e-10	N	-0.8762444581017526	0.2474770313407523	-3.5407102362370244	3.9905157107419996e-4
30	aMSH	5e-10	P	-0.7782804034490796	0.19361113706991556	-4.019812161776789	5.824456106066096e-5
30	aMSH	5e-10	Q	-0.9144407591807341	0.2337933834008846	-3.9113200975955174	9.179301812052435e-5
30	aMSH	5e-10	R	-1.1266929174145746	0.16383782077540024	-6.876879294916403	6.117790371781479e-12
30	aMSH	5e-10	S	-0.8929052397709417	0.1438955679813391	-6.205231003964881	5.461661670298428e-10
30	aMSH	5e-10	T	-0.6944011641165246	0.1634476713640055	-4.248461653332835	2.152434808857496e-5
30	aMSH	5e-10	V	-0.12328123280359876	0.1644093927650866	-0.7498430030682428	0.4533492656261723
30	aMSH	5e-10	W	-0.815304906642551	0.31049396424037484	-2.6258317408430107	0.00864375337515468
30	aMSH	5e-10	Y	-1.4356120988769026	0.2940603565251678	-4.882032096543528	1.0499816031184247e-6
40	aMSH	5e-10	*	-1.5236530052406432	0.2277956076283737	-6.6886847428872915	2.2518524446910328e-11
40	aMSH	5e-10	A	-0.5089139125130789	0.18432054951677845	-2.7610264501015567	0.005762000968246481
40	aMSH	5e-10	C	-0.5893011353624628	0.2756872194134535	-2.137571471815951	0.03255153919353346
40	aMSH	5e-10	D	-0.7203260929157398	0.31293399500748403	-2.301846729367043	0.021343817239044664
40	aMSH	5e-10	F	0.33473732833902375	0.3057381166546615	1.0948498407776794	0.2735824269238412
40	aMSH	5e-10	G	-0.8302005634948852	0.16311873029532709	-5.089547729998903	3.589185130455593e-7
40	aMSH	5e-10	H	-1.123364572961959	0.3237973528306629	-3.4693445241025413	5.217299414891342e-4
40	aMSH	5e-10	I	-0.021466149413730404	0.1970868156289172	-0.10891722688415502	0.9132681428553492
40	aMSH	5e-10	K	-0.8673246393105023	0.23982831794261641	-3.616439654628385	2.986829077761233e-4
40	aMSH	5e-10	L	-0.09177896496415562	0.1389566134977982	-0.6604864831828237	0.5089416897793579
40	aMSH	5e-10	M	-0.3209492982868996	0.33862109732509976	-0.9478124689282605	0.34322493164920814
40	aMSH	5e-10	N	-0.8762454104378787	0.24751103041247552	-3.540227718246017	3.9978191967534845e-4
40	aMSH	5e-10	P	-0.8885290900643822	0.1734227417114902	-5.123486581376729	2.999370008309138e-7
40	aMSH	5e-10	Q	-0.9145092181560588	0.23382945135090474	-3.9110095536411578	9.191113613986027e-5
40	aMSH	5e-10	R	-1.1267164747808434	0.16385763057406982	-6.876191672206105	6.147377682254597e-12
40	aMSH	5e-10	S	-0.8929214506309113	0.1439172135452857	-6.204410359501161	5.490235620404081e-10
40	aMSH	5e-10	T	-0.6944106994238706	0.16347164411831291	-4.247896955886058	2.1578659835974283e-5
40	aMSH	5e-10	V	-0.12328224378077308	0.164438536603068	-0.7497162546414498	0.45342561563380573
40	aMSH	5e-10	W	-0.8152951267990779	0.3105448320785625	-2.62537013204207	0.008655482045980156
40	aMSH	5e-10	Y	-1.4356783764928789	0.294098370977789	-4.8816264154054245	1.0521444019051867e-6
3	aMSH	5e-10	*	-1.523642886197088	0.22776108723074132	-6.68965407885285	2.236987456444529e-11
3	aMSH	5e-10	A	-0.5089122214708498	0.18428785845762374	-2.761507056027091	0.0057535273354102
3	aMSH	5e-10	C	-0.5893128078510284	0.2756397536836686	-2.137981912896857	0.03251821124075168
3	aMSH	5e-10	D	-0.720308542653984	0.3128840790723954	-2.3021578623926033	0.021326271310430092
3	aMSH	5e-10	F	0.3347281686558621	0.30567637599668707	1.0950410137664348	0.2734986686781609
3	aMSH	5e-10	G	-0.8301892131301354	0.16309148006453728	-5.090328524835384	3.574436842525407e-7
3	aMSH	5e-10	H	-1.123315916440083	0.32375107862467156	-3.4696901125767567	5.210591640098681e-4
3	aMSH	5e-10	I	-0.0214255803756331	0.19705035469709473	-0.10873149864951244	0.9134154576527733
3	aMSH	5e-10	K	-0.8673087984474437	0.23978853175383402	-3.616973639664384	2.9806764564885356e-4
3	aMSH	5e-10	L	-0.09175740155937757	0.13893031490734048	-0.6604562986888436	0.5089610539748247
3	aMSH	5e-10	M	-0.3209649611775964	0.3385551702658298	-0.9480433009650338	0.3431074108488653
3	aMSH	5e-10	N	-0.8762427014962678	0.24747106337991182	-3.540788525044968	3.9893318921486103e-4
3	aMSH	5e-10	P	0.3399821218802497	0.5331722822352889	0.6376590329394047	0.5236956587541621
3	aMSH	5e-10	Q	-0.9144479517772914	0.23378833646267794	-3.9114352991825765	9.174923669252248e-5
3	aMSH	5e-10	R	-1.126694227527533	0.16383359027150207	-6.877064866004557	6.109829487485121e-12
3	aMSH	5e-10	S	-0.8929064323891565	0.1438924078575233	-6.205375569733171	5.456643103282478e-10
3	aMSH	5e-10	T	-0.6944015188162562	0.16344396963314192	-4.2485600440008575	2.151489834430284e-5
3	aMSH	5e-10	V	-0.12328157788715838	0.1644063218852399	-0.7498591080531094	0.453339564915115
3	aMSH	5e-10	W	-0.8153024909881919	0.31048773659236933	-2.6258766286108743	0.008642613613831214
3	aMSH	5e-10	Y	-1.4356154831516792	0.294053090527253	-4.882164239721281	1.0492780355099296e-6
5	aMSH	5e-10	*	-1.5236590223316833	0.22780891388478716	-6.688320471525813	2.2574635917096014e-11
5	aMSH	5e-10	A	-0.508914414244175	0.18433413103120105	-2.760825742889874	0.005765542996057524
5	aMSH	5e-10	C	-0.5892934452806493	0.2757066643346944	-2.1373928218335556	0.03256605476799853
5	aMSH	5e-10	D	-0.7203356469440025	0.31295351225857915	-2.3017337039784436	0.021350194266165298
5	aMSH	5e-10	F	0.3347428670871667	0.3057652807490791	1.0947706890301503	0.27361711065568667
5	aMSH	5e-10	G	-0.8302078837692564	0.16312974706998143	-5.0892488873479556	3.594845440810249e-7
5	aMSH	5e-10	H	-1.1233947867393304	0.32381417937890006	-3.4692575504077245	5.218988816882258e-4
5	aMSH	5e-10	I	-0.02149145495994185	0.1971022251648194	-0.10903709961655897	0.9131730645087852
5	aMSH	5e-10	K	-0.867332919303445	0.23984429805133836	-3.6162332244304327	2.989210770502433e-4
5	aMSH	5e-10	L	-0.09179131032040244	0.13896787316990378	-0.6605218042603077	0.5089190308123719
5	aMSH	5e-10	M	-0.3209406938756946	0.3386498218510295	-0.9477066667906738	0.34327880604165784
5	aMSH	5e-10	N	-0.8762454346854459	0.24752677523969682	-3.5400026273396827	4.001230486331362e-4
5	aMSH	5e-10	P	-1.2536141059008192	0.4230751193143305	-2.963100519672551	0.0030455709482741363
5	aMSH	5e-10	Q	-0.9145458919806243	0.23384649786458495	-3.910881284654588	9.195996621500033e-5
5	aMSH	5e-10	R	-1.1267287896290368	0.16386661079040452	-6.875889994882437	6.160402594744606e-12
5	aMSH	5e-10	S	-0.8929299989701676	0.14392740439739443	-6.204030446520945	5.503513126683926e-10
5	aMSH	5e-10	T	-0.69441563888492	0.16348287734587605	-4.247635288530949	2.1603870813621163e-5
5	aMSH	5e-10	V	-0.12328284948209017	0.16445256330974317	-0.7496559919828634	0.4534619188615854
5	aMSH	5e-10	W	-0.81528953144084515	0.3105690893599344	-2.625147058650014	0.008661155046347097
5	aMSH	5e-10	Y	-1.4357129436877691	0.29411582962590577	-4.881454172371114	1.053063973480685e-6
10	aMSH	5e-10	*	-1.5236621628030085	0.22781293168731484	-6.688216298863642	2.259070757341701e-11
10	aMSH	5e-10	A	-0.5089144722702127	0.18433884511543502	-2.760755455267851	0.005766783877530545
10	aMSH	5e-10	C	-0.5892891290617138	0.2757132535845672	-2.1373260857079766	0.03257147859876828
10	aMSH	5e-10	D	-0.720340276073859	0.31295957793065454	-2.301703884050712	0.021351877018639092
10	aMSH	5e-10	F	0.33474579536492505	0.305775586519578	1.0947433677589962	0.2736290833398308
10	aMSH	5e-10	G	-0.8302119350970212	0.1631333933640716	-5.089159968886338	3.5965312875607806e-7
10	aMSH	5e-10	H	-1.1234110720102888	0.32381861927904065	-3.469260274506402	5.218935895474989e-4
10	aMSH	5e-10	I	-0.02150513824349234	0.19710771356661927	-0.10910348384830687	0.9131204116761954
10	aMSH	5e-10	K	-0.8673367788142077	0.23984952504789658	-3.616170507909096	2.9899347158943336e-4
10	aMSH	5e-10	L	-0.09179755896460001	0.13897197042376822	-0.6605472937073646	0.5089026793027003
10	aMSH	5e-10	M	-0.3209364913106386	0.33866056498841535	-0.9476641938562199	0.34330043475701766
10	aMSH	5e-10	N	-0.8762448050513872	0.24753174192757774	-3.5399290540594865	4.002346091026403e-4
10	aMSH	5e-10	P	-0.7640344609257789	0.30206143016341686	-2.529400925210584	0.011425742694098913
10	aMSH	5e-10	Q	-0.9145651272784835	0.2338523722405771	-3.910865297263775	9.196605409138059e-5
10	aMSH	5e-10	R	-1.1267348460408015	0.1638691398745759	-6.875820834253449	6.163392412421628e-12
10	aMSH	5e-10	S	-0.8929343052809721	0.14393087301858962	-6.203910853550118	5.507699239082963e-10
10	aMSH	5e-10	T	-0.6944180060757451	0.16348662256895305	-4.247552461259413	2.1611856849023903e-5
10	aMSH	5e-10	V	-0.12328325030578202	0.16445780471174062	-0.749634537089141	0.4534748440422854
10	aMSH	5e-10	W	-0.8152861188395107	0.310577819897866	-2.625062276203815	0.008663312028105932
10	aMSH	5e-10	Y	-1.4357298353340249	0.29412108741091497	-4.881424341152985	1.053223315033758e-6
20	aMSH	5e-10	*	-1.5236690987010564	0.22784611405775526	-6.687272701586788	2.2736796031856615e-11
20	aMSH	5e-10	A	-0.5089162873761072	0.1843689825885988	-2.760314019368994	0.0057745826434302434
20	aMSH	5e-10	C	-0.5892821072692531	0.27575737365037034	-2.1369586585067974	0.03260135428903343
20	aMSH	5e-10	D	-0.7203534460274822	0.3130071984796324	-2.301395781076122	0.021369270176606878
20	aMSH	5e-10	F	0.33475193269217485	0.30583051944144385	1.0945667989694157	0.2737064676705765
20	aMSH	5e-10	G	-0.8302189683745297	0.16315891628691162	-5.088406979331773	3.6108381933103317e-7
20	aMSH	5e-10	H	-1.123442760109784	0.3238644381114961	-3.4688673034333544	5.226575363947225e-4
20	aMSH	5e-10	I	-0.021531427221200664	0.19714100125650894	-0.10921841262835613	0.913029256505841
20	aMSH	5e-10	K	-0.8673491403921294	0.239886926136761	-3.615658236821328	2.995854082503382e-4
20	aMSH	5e-10	L	-0.09181297285856466	0.13899578413752214	-0.660545018888667	0.5089041385903288
20	aMSH	5e-10	M	-0.3209248160980007	0.3387195947081236	-0.9474645727966912	0.3434021004981096
20	aMSH	5e-10	N	-0.8762487330960774	0.24756971464394936	-3.539401959388626	4.010347023527926e-4
20	aMSH	5e-10	P	-0.8303374510278602	0.2190844197153517	-3.7900342347789358	1.5062652344842946e-4
20	aMSH	5e-10	Q	-0.9146068495808497	0.23389035541639092	-3.9104085670937185	9.21401343104163e-5
20	aMSH	5e-10	R	-1.1267513019171236	0.16389262924736037	-6.874935786261242	6.201778857784041e-12
20	aMSH	5e-10	S	-0.8929451001444386	0.14395389519487703	-6.202993666379209	5.539906992243761e-10
20	aMSH	5e-10	T	-0.6944249851941388	0.16351248286020825	-4.246923372742272	2.1672604062901586e-5
20	aMSH	5e-10	V	-0.1232834390813556	0.16448666009605037	-0.749504178693673	0.453553380981812
20	aMSH	5e-10	W	-0.8152826736740666	0.3106297523238009	-2.624612316028938	0.008674767670109879
20	aMSH	5e-10	Y	-1.4357766772745066	0.2941646323999187	-4.880860984411474	1.0562368097854015e-6
30	aMSH	5e-10	*	-1.5236517093554305	0.2277988553330781	-6.688583694275416	2.2534076028675246e-11
30	aMSH	5e-10	A	-0.5089142288233242	0.18432258501551407	-2.7609976757893766	0.005762508649182542
30	aMSH	5e-10	C	-0.5893034238290867	0.2756904670544257	-2.137554592022759	0.032552910464506216
30	aMSH	5e-10	D	-0.7203247758089225	0.3129383986439559	-2.301810129182863	0.021345882083421617
30	aMSH	5e-10	F	0.3347360523175076	0.3057403559042475	1.0948376485253426	0.27358776928612516
30	aMSH	5e-10	G	-0.8301985049619344	0.16312075101222162	-5.089472061710486	3.590617532371471e-7
30	aMSH	5e-10	H	-1.1233569869481843	0.3238027870708412	-3.4692628717319147	5.218885439314365e-4
30	aMSH	5e-10	I	-0.02145970795188182	0.1970888203241776	-0.10888343598883109	0.9132949446916352
30	aMSH	5e-10	K	-0.8673238205872388	0.23983137891715112	-3.6163900841634766	2.987400835837078e-4
30	aMSH	5e-10	L	-0.09177671073551213	0.13895790153618423	-0.6604641385694339	0.5089560244354687
30	aMSH	5e-10	M	-0.3209505503253592	0.33862378795170345	-0.9478086352608373	0.34322688365630327
30	aMSH	5e-10	N	-0.8762467429556402	0.2475144304565275	-3.5401844706163144	3.998474410722158e-4
30	aMSH	5e-10	P	-0.9126756664745891	0.18949676480591965	-4.81631265530755	1.4623533205196738e-6
30	aMSH	5e-10	Q	-0.9145011250349523	0.2338320707296093	-3.910931131822511	9.194098723737554e-5
30	aMSH	5e-10	R	-1.1267145963846839	0.1638601995187717	-6.876072406195309	6.1525237608387825e-12
30	aMSH	5e-10	S	-0.8929199320119419	0.1439188819052798	-6.204327883811779	5.493115388549421e-10
30	aMSH	5e-10	T	-0.6944100756372457	0.16347364804128525	-4.247841067704517	2.1584042165588446e-5
30	aMSH	5e-10	V	-0.12328193802283009	0.1644398606308695	-0.749708358726783	0.4534303721707507
30	aMSH	5e-10	W	-0.8152973616739708	0.3105478181564046	-2.6253520843072025	0.008655940896107623
30	aMSH	5e-10	Y	-1.4356733271802125	0.29410264289998944	-4.881538339893185	1.0526145230883423e-6
40	aMSH	5e-10	*	-1.523660172375987	0.22779841792666827	-6.6886336886960995	2.2526380474457344e-11
40	aMSH	5e-10	A	-0.5089136042224094	0.18432614697832328	-2.7609409330422205	0.005763509910720671
40	aMSH	5e-10	C	-0.5892906273984884	0.2756945221447873	-2.137476736258869	0.03255923590689452
40	aMSH	5e-10	D	-0.7203358899423494	0.3129388850426926	-2.301842066843428	0.02134408027137659
40	aMSH	5e-10	F	0.3347441004598455	0.3057532189624921	1.0948179109797362	0.27359641797214274
40	aMSH	5e-10	G	-0.8302103106360926	0.1631224820480101	-5.089490425922685	3.590269846843992e-7
40	aMSH	5e-10	H	-1.1234028603854567	0.3237980719416061	-3.4694550639203676	5.215152993300884e-4
40	aMSH	5e-10	I	-0.021498405629788768	0.1970938120384814	-0.1090770197574307	0.9131414016956062
40	aMSH	5e-10	K	-0.8673324434422129	0.23983348305272795	-3.616394309928476	2.987352090815671e-4
40	aMSH	5e-10	L	-0.09179280509371486	0.1389621044267598	-0.6605599812436233	0.5088945403361871
40	aMSH	5e-10	M	-0.32094033278783046	0.33863637888043	-0.9477432219447164	0.343260191565762
40	aMSH	5e-10	N	-0.8762425837265407	0.24751530063828425	-3.5401552205739018	3.9989176141082906e-4
40	aMSH	5e-10	P	-1.0436140812042276	0.1750365667765038	-5.9622632026185185	2.4876800947566877e-9
40	aMSH	5e-10	Q	-0.9145533153601627	0.23383633082109953	-3.911083073142545	9.188315941266868e-5
40	aMSH	5e-10	R	-1.1267294914830337	0.16385872154948292	-6.876225328920183	6.145926228885584e-12
40	aMSH	5e-10	S	-0.8929309436987055	0.1439211120546346	-6.204308255759834	5.493800949896218e-10
40	aMSH	5e-10	T	-0.6944156438541814	0.16347559022636046	-4.247824662340364	2.1585622332158816e-5
40	aMSH	5e-10	V	-0.12328333996956786	0.16444597735571564	-0.749688997882215	0.4534420353557366
40	aMSH	5e-10	W	-0.815286266747533	0.3105562144262382	-2.625245378695121	0.008658654250598917
40	aMSH	5e-10	Y	-1.4357144354343896	0.2941020290811189	-4.88168830361382	1.0518141817436245e-6
