drug	conc	luc
aMSH	0	107944
aMSH	0	107355
aMSH	0	105573
aMSH	0	107845
aMSH	1e-10	161846
aMSH	1e-10	145243
aMSH	1e-10	139899
aMSH	1e-10	140937
aMSH	2.5e-10	174511
aMSH	2.5e-10	158358
aMSH	2.5e-10	163757
aMSH	2.5e-10	167402
aMSH	5e-10	183574
aMSH	5e-10	173897
aMSH	5e-10	161893
aMSH	5e-10	190859
aMSH	1e-9	203425
aMSH	1e-9	198256
aMSH	1e-9	180074
aMSH	1e-9	212076
aMSH	1.5e-9	250364
aMSH	1.5e-9	229133
aMSH	1.5e-9	201600
aMSH	1.5e-9	235543
aMSH	2.5e-9	255305
aMSH	2.5e-9	213300
aMSH	2.5e-9	229495
aMSH	2.5e-9	211493
aMSH	5e-9	234542
aMSH	5e-9	252557
aMSH	5e-9	229959
aMSH	5e-9	243109
aMSH	1e-8	273134
aMSH	1e-8	259623
aMSH	1e-8	258263
aMSH	1e-8	238567
aMSH	1e-7	326259
aMSH	1e-7	265827
aMSH	1e-7	279048
aMSH	1e-7	256346
aMSH	1e-6	355780
aMSH	1e-6	287667
aMSH	1e-6	244812
aMSH	1e-6	281633
aMSH	1e-5	369172
aMSH	1e-5	332927
aMSH	1e-5	318366
aMSH	1e-5	316375
THIQ	0	119330
THIQ	0	90420
THIQ	0	127385
THIQ	0	106138
THIQ	1e-10	111828
THIQ	1e-10	93776
THIQ	1e-10	127451
THIQ	1e-10	114296
THIQ	2.5e-10	92465
THIQ	2.5e-10	107595
THIQ	2.5e-10	123122
THIQ	2.5e-10	124670
THIQ	5e-10	105632
THIQ	5e-10	113339
THIQ	5e-10	107907
THIQ	5e-10	101604
THIQ	1e-9	105694
THIQ	1e-9	95809
THIQ	1e-9	108935
THIQ	1e-9	102922
THIQ	1.5e-9	105205
THIQ	1.5e-9	108375
THIQ	1.5e-9	120528
THIQ	1.5e-9	117716
THIQ	2.5e-9	123474
THIQ	2.5e-9	109412
THIQ	2.5e-9	143326
THIQ	2.5e-9	140179
THIQ	5e-9	138223
THIQ	5e-9	127690
THIQ	5e-9	160427
THIQ	5e-9	153143
THIQ	1e-8	163083
THIQ	1e-8	156895
THIQ	1e-8	150176
THIQ	1e-8	152585
THIQ	1e-7	226336
THIQ	1e-7	210493
THIQ	1e-7	238117
THIQ	1e-7	246735
THIQ	1e-6	262725
THIQ	1e-6	230048
THIQ	1e-6	287507
THIQ	1e-6	291328
THIQ	1e-5	300862
THIQ	1e-5	308192
THIQ	1e-5	330268
THIQ	1e-5	304080
