wells	firefly	compound	concentration
A01	34756	DMSO	0
A02	47781	aMSH	1e-10
A03	52695	aMSH	2.5e-10
A04	35263	aMSH	5e-10
A05	54136	aMSH	1e-9
A06	58998	aMSH	1.5e-9
A07	57271	aMSH	2.5e-9
A08	57549	aMSH	5e-9
A09	61197	aMSH	1e-8
A10	114179	aMSH	1e-7
A11	102340	aMSH	1e-6
A12	29127	Forsk	2.5e-5
B01	36839	DMSO	0
B02	47063	aMSH	1e-10
B03	53909	aMSH	2.5e-10
B04	31299	aMSH	5e-10
B05	59752	aMSH	1e-9
B06	69169	aMSH	1.5e-9
B07	56068	aMSH	2.5e-9
B08	65802	aMSH	5e-9
B09	67423	aMSH	1e-8
B10	112027	aMSH	1e-7
B11	105424	aMSH	1e-6
B12	34687	Forsk	2.5e-5
C01	49807	DMSO	0
C02	58015	aMSH	1e-10
C03	50299	aMSH	2.5e-10
C04	36907	aMSH	5e-10
C05	58283	aMSH	1e-9
C06	65460	aMSH	1.5e-9
C07	55891	aMSH	2.5e-9
C08	71660	aMSH	5e-9
C09	72756	aMSH	1e-8
C10	112698	aMSH	1e-7
C11	124109	aMSH	1e-6
C12	32801	Forsk	2.5e-5
D01	37574	DMSO	0
D02	50722	aMSH	1e-10
D03	51579	aMSH	2.5e-10
D04	35042	aMSH	5e-10
D05	67207	aMSH	1e-9
D06	68409	aMSH	1.5e-9
D07	60786	aMSH	2.5e-9
D08	66312	aMSH	5e-9
D09	62817	aMSH	1e-8
D10	116112	aMSH	1e-7
D11	118161	aMSH	1e-6
D12	33609	Forsk	2.5e-5
E01	33823	DMSO	0
E02	58361	THIQ	1e-10
E03	65878	THIQ	2.5e-10
E04	60437	THIQ	5e-10
E05	67958	THIQ	1e-9
E06	73325	THIQ	1.5e-9
E07	70835	THIQ	2.5e-9
E08	75407	THIQ	5e-9
E09	78397	THIQ	1e-8
E10	106112	THIQ	1e-7
E11	89055	THIQ	1e-6
E12	20607	THIQ	1e-5
F01	32709	DMSO	0
F02	58144	THIQ	1e-10
F03	65245	THIQ	2.5e-10
F04	65147	THIQ	5e-10
F05	75631	THIQ	1e-9
F06	73749	THIQ	1.5e-9
F07	79704	THIQ	2.5e-9
F08	89569	THIQ	5e-9
F09	87724	THIQ	1e-8
F10	115941	THIQ	1e-7
F11	87550	THIQ	1e-6
F12	23542	THIQ	1e-5
G01	37404	DMSO	0
G02	61384	THIQ	1e-10
G03	69830	THIQ	2.5e-10
G04	64582	THIQ	5e-10
G05	67704	THIQ	1e-9
G06	81453	THIQ	1.5e-9
G07	79175	THIQ	2.5e-9
G08	92538	THIQ	5e-9
G09	92198	THIQ	1e-8
G10	109801	THIQ	1e-7
G11	85968	THIQ	1e-6
G12	18356	THIQ	1e-5
H01	36670	DMSO	0
H02	65718	THIQ	1e-10
H03	76365	THIQ	2.5e-10
H04	71529	THIQ	5e-10
H05	64605	THIQ	1e-9
H06	83543	THIQ	1.5e-9
H07	86209	THIQ	2.5e-9
H08	95644	THIQ	5e-9
H09	85417	THIQ	1e-8
H10	109293	THIQ	1e-7
H11	80658	THIQ	1e-6
H12	17532	THIQ	1e-5
